pdco,reason,name,paco,mppt_hi,pso,mppt_low,idcmax,vdco
260230.019000,Vdcmax <= 0 ,Advanced Energy: PVP250kW-480 480V [CEC 2011],249500,0,633.678200,0,0,341.162500
4594.782690,Vdcmax <= 0 ,Advanced Solar Photonics: PV250 (208Vac) 208V [CEC 2011],4470,0,23.909679,0,0,359.004841
4964.670986,Vdcmax <= 0 ,Advanced Solar Photonics: PV250 (240Vac) 240V [CEC 2011],4830,0,25.428169,0,0,356.237215
4954.017925,Vdcmax <= 0 ,Advanced Solar Photonics: PV250 (277Vac) 277V [CEC 2011],4830,0,30.291289,0,0,358.492031
3959.000386,Vdcmax <= 0 ,Alpha Technologies: Solaris 3500 XP 240V [CEC 2005],3500,52,43.609418,48,0,50.375000
1030391.297000,MPPT_low <= 0 or MPPT_hi <=0,American Electric Technologies: ISIS-1000-15000-60-CG 0V [CEC 2013],1000000,0,4623.024085,0,1700,720.444444
1023056.109000,MPPT_low <= 0 or MPPT_hi <=0,American Electric Technologies: ISIS-1000-410-60 410V [CEC 2013],1000000,0,1178.245813,0,1700,720.444444
251.416950,Vdcmax <= 0 ,Apparent: SG424-120V 120V [CEC 2015],230,0,3.076639,0,0,36.347423
31992.436370,Vdcmax <= 0 ,Ballard: EPC-PV-208-30kW 208V [CEC 2005],30000,420,543.221487,290,0,322.320952
80916.567610,Vdcmax <= 0 ,Ballard: EPC-PV-208-75kW 208V [CEC 2005],75000,420,1526.658475,330,0,351.868571
31982.781110,Vdcmax <= 0 ,Ballard: EPC-PV-480-30kW 480V [CEC 2005],30000,420,560.369004,290,0,322.260952
80812.843920,Vdcmax <= 0 ,Ballard: EPC-PV-480-75kW 480V [CEC 2005],75000,420,1545.046406,330,0,352.600952
1182.625898,Vdcmax <= 0 ,CMF Equipment (Original Mfg - PV Powered): Green Power 1100 120V [CEC 2008],1100,380,25.183436,150,0,208.354167
2141.195912,Vdcmax <= 0 ,CMF Equipment (Original Mfg - PV Powered): Green Power 2000 240V [CEC 2008],2000,380,29.542849,150,0,208.290476
2630.090924,Vdcmax <= 0 ,CMF Equipment (Original Mfg - PV Powered): Green Power 2500 240V [CEC 2006],2500,400,41.361835,140,0,219.231667
3203.453447,Vdcmax <= 0 ,CMF Equipment (Original Mfg - PV Powered): Green Power 3000 240V [CEC 2008],3000,380,31.412680,170,0,223.239583
3637.575560,Vdcmax <= 0 ,CMF Equipment (Original Mfg - PV Powered): Green Power 3500 240V [CEC 2006],3500,400,55.521595,200,0,265.136667
4791.744423,Vdcmax <= 0 ,CMF Equipment (Original Mfg - PV Powered): Green Power 4600 208V [CEC 2005],4600,400,50.978846,205,0,255.207222
4960.932584,Vdcmax <= 0 ,CMF Equipment (Original Mfg - PV Powered): Green Power 4800 240V [CEC 2006],4800,400,74.683638,200,0,266.477778
5384.828287,Vdcmax <= 0 ,CMF Equipment (Original Mfg - PV Powered): Green Power 5200 240V [CEC 2005],5200,400,57.555459,240,0,281.507778
2191.825129,MPPT_low > Vdco or MPPT_hi < Vdco,Carlo Gavazzi: SUNERGY 5000-70-240 240V [CEC 2011],2110,130,30.843703,70,77,199.603667
297.189535,Vdcmax <= 0 ,Chiconypower: MU300SAP1(240V) 240V [CEC 2011],284,0,2.193218,0,0,31.584325
16312.200000,Pdco <= 0 ,Concept by US: Power Station PS247-15-180 310V [CEC 2016],15160,420,-21.444100,210,0.036095,310
264812.174000,MPPT_low > Vdco or MPPT_hi < Vdco,DASS tech: DSP-M33250KUS 270V [CEC 2014],250000,820,1505.265460,450,535,377.869076
3417.336046,MPPT_low > Vdco or MPPT_hi < Vdco,Diehl AKO: 4301 S-A (208 Vac) 208V [CEC 2010],3190,470,18.408123,277,15,273.536746
106826.082700,MPPT_low > Vdco or MPPT_hi < Vdco,Diehl Controls: Platinum 100 CS-A (208) 208V [CEC 2010],100000,750,1080.139371,405,286,347.973810
106676.606200,MPPT_low > Vdco or MPPT_hi < Vdco,Diehl Controls: Platinum 100 CS-A (480) 480V [CEC 2010],100000,750,1011.183808,405,286,347.378809
105857.625700,MPPT_low > Vdco or MPPT_hi < Vdco,Diehl Controls: Platinum 100 CS-A HE (208) 208V [CEC 2010],100000,750,945.341136,405,286,349.740000
105726.907000,MPPT_low > Vdco or MPPT_hi < Vdco,Diehl Controls: Platinum 100 CS-A HE (480) 480V [CEC 2010],100000,750,916.226350,405,286,350.208809
3678.894222,Vdcmax <= 0 ,Dow Chemical: 362589 240V [CEC 2011],3504.092000,0,42.694212,0,0,300.760717
3716.521534,Vdcmax <= 0 ,Dow Chemical: 362590 240V [CEC 2011],3530,0,43.460314,0,0,300.393600
3731.151357,Vdcmax <= 0 ,Dow Chemical: 362591 240V [CEC 2011],3538.220000,0,44.528715,0,0,300.377167
1193.772417,Vdcmax <= 0 ,E-Village ( Original Mfg - PV Powered): EVS1100EVR 120V [CEC 2008],1100,380,21.863705,115,0,182.385417
2161.379428,Vdcmax <= 0 ,E-Village ( Original Mfg - PV Powered): EVS2000EVR 240V [CEC 2008],2000,380,24.598379,115,0,199.525000
2630.090924,Vdcmax <= 0 ,E-Village ( Original Mfg - PV Powered): EVS2500 240V [CEC 2006],2500,400,41.361835,140,0,219.231667
3203.453447,Vdcmax <= 0 ,E-Village ( Original Mfg - PV Powered): EVS3000 240V [CEC 2008],3000,380,31.412680,170,0,223.239583
3637.575560,Vdcmax <= 0 ,E-Village ( Original Mfg - PV Powered): EVS3500 240V [CEC 2006],3500,400,55.521595,200,0,265.136667
4791.744423,Vdcmax <= 0 ,E-Village ( Original Mfg - PV Powered): EVS4600 208V [CEC 2005],4600,400,50.978846,205,0,255.207222
4960.932584,Vdcmax <= 0 ,E-Village ( Original Mfg - PV Powered): EVS4800 240V [CEC 2006],4800,400,74.683638,200,0,266.477778
5384.828287,Vdcmax <= 0 ,E-Village ( Original Mfg - PV Powered): EVS5200 240V [CEC 2005],5200,400,57.555459,240,0,281.507778
292606.903000,Vdcmax <= 0 ,ETM Electromatic: 290-480-60 480V [CEC 2014],279286,0,39.227340,0,0,451.011296
3789.772226,Vdcmax <= 0 ,"Eaton Phoenixtec MMPL Co., Ltd.: PV238 (208Vac) 208V [CEC 2011]",3690,0,18.493189,0,0,359.271196
3810.047069,Vdcmax <= 0 ,"Eaton Phoenixtec MMPL Co., Ltd.: PV238 (240Vac) 240V [CEC 2011]",3710,0,19.037472,0,0,359.188193
3803.486374,Vdcmax <= 0 ,"Eaton Phoenixtec MMPL Co., Ltd.: PV238 (277Vac) 277V [CEC 2011]",3710,0,24.234466,0,0,360.020241
3789.772226,Vdcmax <= 0 ,"Eaton Phoenixtec MMPL Co., Ltd.: PV240 (208Vac) 208V [CEC 2011]",3690,0,18.493189,0,0,359.271196
4087.680280,Vdcmax <= 0 ,"Eaton Phoenixtec MMPL Co., Ltd.: PV240 (240Vac) 240V [CEC 2011]",3980,0,19.037472,0,0,359.188193
4080.945723,Vdcmax <= 0 ,"Eaton Phoenixtec MMPL Co., Ltd.: PV240 (277Vac) 277V [CEC 2011]",3980,0,25.813993,0,0,359.145046
4594.782690,Vdcmax <= 0 ,"Eaton Phoenixtec MMPL Co., Ltd.: PV250 (208Vac) 208V [CEC 2011]",4470,0,23.909679,0,0,359.004841
4964.670986,Vdcmax <= 0 ,"Eaton Phoenixtec MMPL Co., Ltd.: PV250 (240Vac) 240V [CEC 2011]",4830,0,25.428169,0,0,356.237215
4954.017925,Vdcmax <= 0 ,"Eaton Phoenixtec MMPL Co., Ltd.: PV250 (277Vac) 277V [CEC 2011]",4830,0,30.291289,0,0,358.492031
6169.541433,Vdcmax <= 0 ,"Eaton Phoenixtec MMPL Co., Ltd.: PV260 (208Vac) 208V [CEC 2011]",5980,0,24.045597,0,0,362.358959
6189.262869,Vdcmax <= 0 ,"Eaton Phoenixtec MMPL Co., Ltd.: PV260 (240Vac) 240V [CEC 2011]",6010,0,27.419895,0,0,362.480259
6165.665747,Vdcmax <= 0 ,"Eaton Phoenixtec MMPL Co., Ltd.: PV260 (277Vac) 277V [CEC 2011]",6000,0,36.792272,0,0,361.123080
7203.418340,Vdcmax <= 0 ,"Eaton Phoenixtec MMPL Co., Ltd.: PV270 (208Vac) 208V [CEC 2011]",6950,0,22.906211,0,0,362.822394
7135.435129,Vdcmax <= 0 ,"Eaton Phoenixtec MMPL Co., Ltd.: PV270 (240Vac) 240V [CEC 2011]",6920,0,30.897614,0,0,362.806863
7228.746709,Vdcmax <= 0 ,"Eaton Phoenixtec MMPL Co., Ltd.: PV270(277Vac) 277V [CEC 2011]",7010,0,31.728832,0,0,362.102246
200.813252,Vdcmax <= 0 ,Enphase Energy: M190-72-208-Sxx 208V [CEC 2009],190,0,0.768703,0,0,32.066905
200.085971,Vdcmax <= 0 ,Enphase Energy: M190-72-240-Sxx 240V [CEC 2009],190,0,0.669215,0,0,31.995952
211.173093,Vdcmax <= 0 ,Enphase Energy: M200-32-208-S01 208V [CEC 2008],200,65,1.223188,40,0,52.848690
209.952346,Vdcmax <= 0 ,Enphase Energy: M200-32-208-S02 208V [CEC 2008],200,65,0.755946,40,0,54.706190
210.992422,Vdcmax <= 0 ,Enphase Energy: M200-32-240-S01 240V [CEC 2009],200,65,1.447411,40,0,53.094357
209.930114,Vdcmax <= 0 ,Enphase Energy: M200-32-240-S02 240V [CEC 2008],200,65,0.754294,40,0,54.622143
967.910000,Paco < 0.75 Pdco,Enphase Energy: M250-72-2LL-S2X (208Vac) 208V [CEC 2016],240,48,722.776000,27,5,37
842.112000,Paco < 0.75 Pdco,Enphase Energy: M250-72-2LL-S2X (240Vac) 240V [CEC 2016],240,48,596.662000,27,5,37
284.983503,Vdcmax <= 0 ,Enphase Energy: S280-60-LL-X (208Vac) 208V [CEC 2015],275,0,1.052583,0,0,32.158107
283.351842,Vdcmax <= 0 ,Enphase Energy: S280-60-LL-X (240Vac) 240V [CEC 2015],275,0,0.874447,0,0,32.055233
10561.229050,Vdcmax <= 0 ,"Fronius USA, LLC: IG Plus 10.0-1 uni(208) 208V [CEC 2008]",10000,0,49.808515,0,0,365.045714
10464.608300,Vdcmax <= 0 ,"Fronius USA, LLC: IG Plus 10.0-1 uni(240) 240V [CEC 2008]",10000,0,39.509613,0,0,388.722143
10420.877380,Vdcmax <= 0 ,"Fronius USA, LLC: IG Plus 10.0-1 uni(277) 277V [CEC 2008]",10000,0,30.110764,0,0,328.940881
12093.057400,Vdcmax <= 0 ,"Fronius USA, LLC: IG Plus 11.4-1 uni(208) 208V [CEC 2008]",11400,0,46.226643,0,0,364.995714
11947.098590,Vdcmax <= 0 ,"Fronius USA, LLC: IG Plus 11.4-1 uni(240) 240V [CEC 2008]",11400,0,37.848607,0,0,388.618238
11915.644960,Vdcmax <= 0 ,"Fronius USA, LLC: IG Plus 11.4-1 uni(277) 277V [CEC 2008]",11400,0,38.889015,0,0,328.942405
12560.931610,Vdcmax <= 0 ,"Fronius USA, LLC: IG Plus 12.0-1 wye277 277V [CEC 2008]",12000,0,43.474238,0,0,328.090309
3162.054483,Vdcmax <= 0 ,"Fronius USA, LLC: IG Plus 3.0-1 uni(208) 208V [CEC 2008]",3000,0,17.395963,0,0,362.575952
3136.164115,Vdcmax <= 0 ,"Fronius USA, LLC: IG Plus 3.0-1 uni(240) 240V [CEC 2008]",3000,0,17.424620,0,0,386.568809
3126.823776,Vdcmax <= 0 ,"Fronius USA, LLC: IG Plus 3.0-1 uni(277) 277V [CEC 2008]",3000,0,21.947363,0,0,327.093889
4037.728434,Vdcmax <= 0 ,"Fronius USA, LLC: IG Plus 3.8-1 uni(208) 208V [CEC 2008]",3800,0,22.165793,0,0,362.579048
3990.005019,Vdcmax <= 0 ,"Fronius USA, LLC: IG Plus 3.8-1 uni(240) 240V [CEC 2008]",3800,0,22.343187,0,0,386.608095
3978.045625,Vdcmax <= 0 ,"Fronius USA, LLC: IG Plus 3.8-1 uni(277) 277V [CEC 2008]",3800,0,26.128150,0,0,326.996905
5247.924794,Vdcmax <= 0 ,"Fronius USA, LLC: IG Plus 5.0-1 uni(208) 208V [CEC 2008]",5000,0,18.747366,0,0,363.927143
5214.988577,Vdcmax <= 0 ,"Fronius USA, LLC: IG Plus 5.0-1 uni(240) 240V [CEC 2008]",5000,0,16.487786,0,0,387.745238
5199.368267,Vdcmax <= 0 ,"Fronius USA, LLC: IG Plus 5.0-1 uni(277) 277V [CEC 2008]",5000,0,17.225880,0,0,328.125476
6319.361501,Vdcmax <= 0 ,"Fronius USA, LLC: IG Plus 6.0-1 uni(208) 208V [CEC 2008]",6000,0,17.229439,0,0,363.337143
6266.092982,Vdcmax <= 0 ,"Fronius USA, LLC: IG Plus 6.0-1 uni(240) 240V [CEC 2008]",6000,0,17.485908,0,0,387.339524
6247.458014,Vdcmax <= 0 ,"Fronius USA, LLC: IG Plus 6.0-1 uni(277) 277V [CEC 2008]",6000,0,19.719510,0,0,327.753809
7971.815339,Vdcmax <= 0 ,"Fronius USA, LLC: IG Plus 7.5-1 uni(208) 208V [CEC 2008]",7500,0,30.902767,0,0,363.883333
7872.406787,Vdcmax <= 0 ,"Fronius USA, LLC: IG Plus 7.5-1 uni(240) 240V [CEC 2008]",7500,0,24.356312,0,0,388.326190
7842.218562,Vdcmax <= 0 ,"Fronius USA, LLC: IG Plus 7.5-1 uni(277) 277V [CEC 2008]",7500,0,28.120752,0,0,327.736357
2114.006757,Vdcmax <= 0 ,"Fronius USA, LLC: IG2000 NEG 240V [CEC 2006]",2000,400,21.203284,150,0,275.890476
2114.006757,Vdcmax <= 0 ,"Fronius USA, LLC: IG2000 POS 240V [CEC 2006]",2000,400,21.203284,150,0,275.890476
2535.044153,Vdcmax <= 0 ,"Fronius USA, LLC: IG2500-LV NEG 208V [CEC 2006]",2350,400,26.555570,150,0,277.849524
2535.044153,Vdcmax <= 0 ,"Fronius USA, LLC: IG2500-LV POS 208V [CEC 2006]",2350,400,26.555570,150,0,277.849524
2879.401107,Vdcmax <= 0 ,"Fronius USA, LLC: IG3000 NEG 240V [CEC 2006]",2700,400,27.492514,150,0,277.271905
2879.401107,Vdcmax <= 0 ,"Fronius USA, LLC: IG3000 POS 240V [CEC 2006]",2700,400,27.492514,150,0,277.271905
4258.997421,Vdcmax <= 0 ,"Fronius USA, LLC: IG4000 NEG 240V [CEC 2006]",4000,400,33.177873,150,0,277.937619
4258.997421,Vdcmax <= 0 ,"Fronius USA, LLC: IG4000 POS 240V [CEC 2006]",4000,400,33.177873,150,0,277.937619
4834.607305,Vdcmax <= 0 ,"Fronius USA, LLC: IG4500-LV NEG 208V [CEC 2006]",4500,400,35.507305,150,0,277.887619
4834.607305,Vdcmax <= 0 ,"Fronius USA, LLC: IG4500-LV POS 208V [CEC 2006]",4500,400,35.507305,150,0,277.887619
5438.245080,Vdcmax <= 0 ,"Fronius USA, LLC: IG5100 NEG 240V [CEC 2006]",5100,400,38.424876,150,0,277.937857
5438.245080,Vdcmax <= 0 ,"Fronius USA, LLC: IG5100 POS 240V [CEC 2006]",5100,400,38.424876,150,0,277.937857
4736.800000,Pdco <= 0 ,GE Energy  (Original Mfg - Xantrex): GEPVb-5000-NA-240-208-02 (208V) 208V [Spec 2008],4500,550,0,240,0,0
5235.600000,Pdco <= 0 ,GE Energy  (Original Mfg - Xantrex): GEPVb-5000-NA-240-208-02 (240V) 240V [Spec 2008],5000,550,0,240,0,0
1193.772417,Vdcmax <= 0 ,GE Energy: GEPVe-1100-NA-120 120V [CEC 2009],1100,380,21.863705,115,0,182.385417
2161.379428,Vdcmax <= 0 ,GE Energy: GEPVe-2000-NA-240 240V [CEC 2009],2000,380,24.598379,115,0,199.525000
3019.671154,MPPT_low <= 0 or MPPT_hi <=0,GE Energy: GEPVe-2800-NA-208 208V [CEC 2009],2800,0,44.783252,0,15,231.105185
3203.453447,Vdcmax <= 0 ,GE Energy: GEPVe-3000-NA-240 240V [CEC 2009],3000,380,31.412680,170,0,223.239583
4791.744423,Vdcmax <= 0 ,GE Energy: GEPVe-4600-NA-208 208V [CEC 2009],4600,400,50.978846,205,0,255.207222
4960.932584,Vdcmax <= 0 ,GE Energy: GEPVe-4800-NA-240 240V [CEC 2009],4800,400,74.683638,200,0,266.477778
5384.828287,Vdcmax <= 0 ,GE Energy: GEPVe-5200-NA-240 240V [CEC 2005],5200,400,57.555459,240,0,281.507778
513270.016500,MPPT_low > Vdco or MPPT_hi < Vdco,Green Power Technologies: PV500U 240V [CEC 2012],500000,825,998.728397,425,1250,395.615667
16602.155760,Vdcmax <= 0 ,GreenVolts: GV-SCP001 208V [CEC 2011],16000,0,99.340508,0,0,812.497619
3385.978604,MPPT_low > Vdco or MPPT_hi < Vdco,GridPoint (Original Mfg - Outback GVFX 3648 data): Connect C36 120V [CEC 2006],3037.300000,135,65.755713,66,60,51.018333
10451.732300,MPPT_low > Vdco or MPPT_hi < Vdco,Growatt New Energy Technology: GROWATT 10000TL-US (208V) 208V [CEC 2013],10087.500000,480,30.761200,345,36,344.894489
23776.200000,Paco < 0.75 Pdco,Growatt New Energy Technology: GROWATT 7000MTLP-US (208V) 208V [CEC 2016],6093,485,17535.700000,280,12.562900,385
30128.100000,Paco < 0.75 Pdco,Growatt New Energy Technology: GROWATT 7000MTLP-US (240V) 240V [CEC 2016],7011,485,22979.700000,270,14.455900,385
39048.600000,Paco < 0.75 Pdco,Growatt New Energy Technology: GROWATT 7000MTLP-US (277V) 277V [CEC 2016],7016.070000,480,31914.900000,275,14.616800,385
22619.700000,Paco < 0.75 Pdco,Growatt New Energy Technology: GROWATT 7600MTLP-US (208V) 208V [CEC 2016],6741.010000,480,15707.700000,270,14.043800,380
33110.100000,Paco < 0.75 Pdco,Growatt New Energy Technology: GROWATT 7600MTLP-US (240V) 240V [CEC 2016],7604,480,25387.600000,270,15.841600,380
33317.600000,Paco < 0.75 Pdco,Growatt New Energy Technology: GROWATT 7600MTLP-US (277V) 277V [CEC 2016],7652,480,25546.400000,270,15.940600,380
266.887031,Vdcmax <= 0 ,Hansol Technics: HSPV-A250 240V [CEC 2012],249.300000,0,2.874140,0,0,29.852678
1193.772417,Vdcmax <= 0 ,Home Director (Original Mfg - PV Powered): HD-SUN-INV1100-EVR 120V [CEC 2008],1100,380,21.863705,115,0,182.385417
2161.379428,Vdcmax <= 0 ,Home Director (Original Mfg - PV Powered): HD-SUN-INV2000-EVR 240V [CEC 2008],2000,380,24.598379,115,0,199.525000
2630.090924,Vdcmax <= 0 ,Home Director (Original Mfg - PV Powered): HD-SUN-INV2500 240V [CEC 2006],2500,400,41.361835,140,0,219.231667
3203.453447,Vdcmax <= 0 ,Home Director (Original Mfg - PV Powered): HD-SUN-INV3000 240V [CEC 2008],3000,380,31.412680,170,0,223.239583
3637.575560,Vdcmax <= 0 ,Home Director (Original Mfg - PV Powered): HD-SUN-INV3500 240V [CEC 2006],3500,400,55.521595,200,0,265.136667
4791.744423,Vdcmax <= 0 ,Home Director (Original Mfg - PV Powered): HD-SUN-INV4600 208V [CEC 2005],4600,400,50.978846,205,0,255.207222
4960.932584,Vdcmax <= 0 ,Home Director (Original Mfg - PV Powered): HD-SUN-INV4800 240V [CEC 2006],4800,400,74.683638,200,0,266.477778
5384.828287,Vdcmax <= 0 ,Home Director (Original Mfg - PV Powered): HD-SUN-INV5200 240V [CEC 2005],5200,400,57.555459,240,0,281.507778
96886.700000,Paco < 0.75 Pdco,"Huawei Technologies Co., LTD: SUN2000-45KTL-US-HV-D0 [600V] [SI1] 600V [CEC 2018]",45207,1200,95897.400000,800,96.886700,1000
96886.700000,Paco < 0.75 Pdco,Huawei Technologies: SUN2000-45KTL-US-HV-D0 (N/A)V [CEC 2018],45207,1200,95897.400000,800,96.886700,1000
1182.625898,Vdcmax <= 0 ,I-Power (Original Mfg - PV Powered): SHO-1.1 120V [CEC 2008],1100,380,25.183436,150,0,208.354167
2141.195912,Vdcmax <= 0 ,I-Power (Original Mfg - PV Powered): SHO-2.0 240V [CEC 2008],2000,380,29.542849,150,0,208.290476
2630.090924,Vdcmax <= 0 ,I-Power (Original Mfg - PV Powered): SHO-2.5 240V [CEC 2006],2500,400,41.361835,140,0,219.231667
3203.453447,Vdcmax <= 0 ,I-Power (Original Mfg - PV Powered): SHO-3.0 240V [CEC 2008],3000,380,31.412680,170,0,223.239583
3637.575560,Vdcmax <= 0 ,I-Power (Original Mfg - PV Powered): SHO-3.5 240V [CEC 2006],3500,400,55.521595,200,0,265.136667
4791.744423,Vdcmax <= 0 ,I-Power (Original Mfg - PV Powered): SHO-4.6 208V [CEC 2005],4600,400,50.978846,205,0,255.207222
4960.932584,Vdcmax <= 0 ,I-Power (Original Mfg - PV Powered): SHO-4.8 240V [CEC 2006],4800,400,74.683638,200,0,266.477778
5384.828287,Vdcmax <= 0 ,I-Power (Original Mfg - PV Powered): SHO-5.2 240V [CEC 2005],5200,400,57.555459,240,0,281.507778
15815.769510,Vdcmax <= 0 ,Ingeteam S.A.: Ingecon Sun 15U 208V 208V [CEC 2010],15000,480,122.968670,300,0,350.428571
15762.244020,Vdcmax <= 0 ,Ingeteam S.A.: Ingecon Sun 15U 480V 240V [CEC 2010],15000,480,140.746203,300,0,350.469048
26222.856950,Vdcmax <= 0 ,Ingeteam S.A.: Ingecon Sun 25U 208V 208V [CEC 2010],25000,480,208.082398,300,0,349.980952
26266.353770,Vdcmax <= 0 ,Ingeteam S.A.: Ingecon Sun 25U 480V 240V [CEC 2010],25000,480,225.148303,300,0,349.438095
258352.122700,MPPT_low > Vdco or MPPT_hi < Vdco,Ingeteam: INGECON SUN 250TL U X208 Indoor 208V [CEC 2015],250000,820,360.516406,578,450,551.510433
258350.214800,MPPT_low > Vdco or MPPT_hi < Vdco,Ingeteam: INGECON SUN 250TL U X208 Outdoor 208V [CEC 2015],250000,820,349.994791,578,450,551.510433
513119.570200,MPPT_low > Vdco or MPPT_hi < Vdco,Ingeteam: INGECON SUN 500TL U X275 Indoor 275V [CEC 2014],500000,820,701.657050,607,900,605.708800
105017.909900,Vdcmax <= 0 ,Jema Energy: JAE7140 480V [CEC 2013],100000,0,837.281367,0,0,340.057118
105325.919500,Vdcmax <= 0 ,Jema Energy: JAE7141 480V [CEC 2013],100000,0,979.357188,0,0,340.065759
75790.400000,Paco < 0.75 Pdco,LeadSolar Energy: LS600T [208V] 208V [CEC 2018],500,45,-nan(ind),27,2105.290000,36
3487.550555,Vdcmax <= 0 ,"MagneTek, S.p.A.: PVI-3600-I-OUTD-US-F (208V) 208V [CEC 2005]",3300,480,36.242707,200,0,327.530952
3502.112379,Vdcmax <= 0 ,"MagneTek, S.p.A.: PVI-3600-US (208V) 208V [CEC 2005]",3300,480,39.599008,200,0,329.655952
3033.452174,Vdcmax <= 0 ,Magnetek Uncommon Power: PVI-3000-I-OUTD-US (208V) 208V [CEC 2005],2700,480,33.223858,150,0,330.129286
3036.195422,Vdcmax <= 0 ,Magnetek Uncommon Power: PVI-3000-I-OUTD-US-F (208V) 208V [CEC 2005],2700,480,33.715173,150,0,331.201429
3328.418711,Vdcmax <= 0 ,Magnetek Uncommon Power: PVI-3000-I-OUTD-US-F (240V) 240V [CEC 2005],3000,480,36.777752,170,0,379.588333
300.436729,Vdcmax <= 0 ,Ming Shen Energy Technology Co.: EnerBridge Emi_301RD 240V [CEC 2015],289,0,1.986952,0,0,30.770378
1193.772417,Vdcmax <= 0 ,Mohr Power (Original Mfg - PV Powered): MPS1100EVR 120V [CEC 2008],1100,380,21.863705,115,0,182.385417
2161.379428,Vdcmax <= 0 ,Mohr Power (Original Mfg - PV Powered): MPS2000EVR 240V [CEC 2008],2000,380,24.598379,115,0,199.525000
2630.090924,Vdcmax <= 0 ,Mohr Power (Original Mfg - PV Powered): MPS2500 240V [CEC 2006],2500,400,41.361835,140,0,219.231667
3203.453447,Vdcmax <= 0 ,Mohr Power (Original Mfg - PV Powered): MPS3000 240V [CEC 2008],3000,380,31.412680,170,0,223.239583
3637.575560,Vdcmax <= 0 ,Mohr Power (Original Mfg - PV Powered): MPS3500 240V [CEC 2006],3500,400,55.521595,200,0,265.136667
4791.744423,Vdcmax <= 0 ,Mohr Power (Original Mfg - PV Powered): MPS4600 208V [CEC 2005],4600,400,50.978846,205,0,255.207222
4960.932584,Vdcmax <= 0 ,Mohr Power (Original Mfg - PV Powered): MPS4800 240V [CEC 2006],4800,400,74.683638,200,0,266.477778
5384.828287,Vdcmax <= 0 ,Mohr Power (Original Mfg - PV Powered): MPS5200 240V [CEC 2005],5200,400,57.555459,240,0,281.507778
1193.772417,Vdcmax <= 0 ,Open Energy (Original Mfg - PV Powered): Solar Save 1100 120V [CEC 2008],1100,380,21.863705,115,0,182.385417
2161.379428,Vdcmax <= 0 ,Open Energy (Original Mfg - PV Powered): Solar Save 2000 240V [CEC 2008],2000,380,24.598379,115,0,199.525000
2630.090924,Vdcmax <= 0 ,Open Energy (Original Mfg - PV Powered): Solar Save 2500 240V [CEC 2006],2500,400,41.361835,140,0,219.231667
3637.575560,Vdcmax <= 0 ,Open Energy (Original Mfg - PV Powered): Solar Save 3500 240V [CEC 2006],3500,400,55.521595,200,0,265.136667
4791.744423,Vdcmax <= 0 ,Open Energy (Original Mfg - PV Powered): Solar Save 4600 208V [CEC 2005],4600,400,50.978846,205,0,255.207222
4960.932584,Vdcmax <= 0 ,Open Energy (Original Mfg - PV Powered): Solar Save 4800 240V [CEC 2006],4800,400,74.683638,200,0,266.477778
5384.828287,Vdcmax <= 0 ,Open Energy (Original Mfg - PV Powered): Solar Save 5200 240V [CEC 2005],5200,400,57.555459,240,0,281.507778
3385.978604,MPPT_low > Vdco or MPPT_hi < Vdco,OutBack Power Systems: GVFX3648 120V [CEC 2005],3037.300000,135,65.755713,66,60,51.018333
2808.533900,Vdcmax <= 0 ,Outback Power Systems: GTFX3048 120V [CEC 2009],2560,68,62.492484,42,0,52
105307.999100,Vdcmax <= 0 ,PV Powered: PVP100KW (208) 208V [CEC 2008],100000,480,416.372045,295,0,342.091667
104836.928700,Vdcmax <= 0 ,PV Powered: PVP100KW (480) 480V [CEC 2008],100000,480,463.386831,295,0,342.363333
1182.625898,Vdcmax <= 0 ,PV Powered: PVP1100 120V [CEC 2008],1100,380,25.183436,150,0,208.354167
1193.772417,Vdcmax <= 0 ,PV Powered: PVP1100EVR 120V [CEC 2008],1100,380,21.863705,115,0,182.385417
2151.267723,Vdcmax <= 0 ,PV Powered: PVP2000-120 120V [CEC 2005],2000,320,32.022020,135,0,183.063333
2161.379428,Vdcmax <= 0 ,PV Powered: PVP2000EVR 240V [CEC 2008],2000,380,24.598379,115,0,199.525000
260230.019000,Vdcmax <= 0 ,PV Powered: PVP250kW-480 480V [CEC 2011],249500,0,633.678200,0,0,341.162500
259426.580000,Vdcmax <= 0 ,PV Powered: PVP250kW-600 600V [CEC 2011],249500,0,961.239595,0,0,341.472333
3019.671154,MPPT_low <= 0 or MPPT_hi <=0,PV Powered: PVP2800-208 208V [CEC 2008],2800,0,44.783252,0,15,231.105185
2950.891012,Vdcmax <= 0 ,PV Powered: PVP2800XV 240V [CEC 2005],2800,400,38.358070,170,0,229.439333
3203.453447,Vdcmax <= 0 ,PV Powered: PVP3000 240V [CEC 2008],3000,380,31.412680,170,0,223.239583
31961.353320,Vdcmax <= 0 ,PV Powered: PVP30KW (208) 208V [CEC 2007],30000,480,277.028938,330,0,368.956905
31921.990800,Vdcmax <= 0 ,PV Powered: PVP30KW (480) 480V [CEC 2007],30000,480,267.581587,330,0,368.448333
32146.030480,Vdcmax <= 0 ,PV Powered: PVP30KW LV (208) 208V [CEC 2008],30000,480,323.212456,295,0,342.263889
32026.745240,Vdcmax <= 0 ,PV Powered: PVP30KW LV (480) 480V [CEC 2008],30000,480,332.992594,295,0,342.090741
4791.744423,Vdcmax <= 0 ,PV Powered: PVP4600 208V [CEC 2005],4600,400,50.978846,205,0,255.207222
4960.932584,Vdcmax <= 0 ,PV Powered: PVP4800 240V [CEC 2006],4800,400,74.683638,200,0,266.477778
5384.828287,Vdcmax <= 0 ,PV Powered: PVP5200 240V [CEC 2005],5200,400,57.555459,240,0,281.507778
78692.162390,Vdcmax <= 0 ,PV Powered: PVP75KW-208 208V [CEC 2008],75000,480,511.935575,295,0,341.728333
78323.869200,Vdcmax <= 0 ,PV Powered: PVP75KW-480 480V [CEC 2008],75000,480,549.263811,295,0,341.415000
213.834696,Vdcmax <= 0 ,Petra Solar: 103.10866.500X 120V [CEC 2012],200,0,2.509598,0,0,34.376762
578071.133400,MPPT_low > Vdco or MPPT_hi < Vdco,Power Electronics: FS0560CU 390V [CEC 2014],560000,820,795.555361,540,1000,400.466524
578071.133400,MPPT_low > Vdco or MPPT_hi < Vdco,Power Electronics: FS0560PU 390V [CEC 2014],560000,820,795.555361,540,1000,400.466524
4249.828476,MPPT_low <= 0 or MPPT_hi <=0,"Powercom Co., Ltd.: SLK-4000 (208) 208V [CEC 2008]",4010,0,36.813415,0,20,387.736333
4250.205366,Vdcmax <= 0 ,"Powercom Co., Ltd.: SLK-4000 (240) 240V [CEC 2009]",4010,0,36.332690,0,0,374.358970
4249.828476,MPPT_low <= 0 or MPPT_hi <=0,Renergy Inc.: RS-4000 (208) 208V [CEC 2009],4010,0,36.813415,0,20,387.736333
4250.205366,Vdcmax <= 0 ,Renergy Inc.: RS-4000 (240) 240V [CEC 2009],4010,0,36.332690,0,0,374.358970
1214.683619,Vdcmax <= 0 ,SMA America: SB1100U 240V [CEC 2005],1100,325,14.620665,125,0,199.333333
3498.689441,Vdcmax <= 0 ,SMA America: SB3300U 240V [CEC 2006],3300,400,24.850660,200,0,248.928571
5212.835069,Vdcmax <= 0 ,SMA America: SB5000US (208V) w- -11 or -12 208V [CEC 2012],5000,0,49.157147,0,0,309.913333
5204.604211,Vdcmax <= 0 ,SMA America: SB5000US (240V) w- -11 or -12 240V [CEC 2012],5000,0,51.407137,0,0,309.883333
5201.185305,Vdcmax <= 0 ,SMA America: SB5000US (277V) w- -11 or -12 277V [CEC 2012],5000,0,44.913819,0,0,309.903333
5212.835069,Vdcmax <= 0 ,SMA America: SB5000US 208V [CEC 2007],5000,480,49.157147,250,0,309.913333
5204.604211,Vdcmax <= 0 ,SMA America: SB5000US 240V [CEC 2007],5000,480,51.407137,250,0,309.883333
5201.185305,Vdcmax <= 0 ,SMA America: SB5000US 277V [CEC 2007],5000,480,44.913819,250,0,309.903333
5212.835069,Vdcmax <= 0 ,SMA America: SB5000US-11 208V [CEC 2007],5000,480,49.157147,250,0,309.913333
5204.604211,Vdcmax <= 0 ,SMA America: SB5000US-11 240V [CEC 2007],5000,480,51.407137,250,0,309.883333
5201.185305,Vdcmax <= 0 ,SMA America: SB5000US-11 277V [CEC 2007],5000,480,44.913819,250,0,309.903333
5535.254948,Vdcmax <= 0 ,SMA America: SB6000U 208V [CEC 2005],5200,480,36.943438,250,0,311.500000
6392.009685,Vdcmax <= 0 ,SMA America: SB6000U 240V [CEC 2005],6000,480,34.058859,260,0,311.500000
6369.027518,Vdcmax <= 0 ,SMA America: SB6000U 277V [CEC 2005],6000,480,36.697414,260,0,312.500000
6286.533498,Vdcmax <= 0 ,SMA America: SB6000US (208V) w- -11 or -12 208V [CEC 2012],6000,0,48.482417,0,0,309.933333
6271.263850,Vdcmax <= 0 ,SMA America: SB6000US (240V) w- -11 or -12 240V [CEC 2012],6000,0,49.135588,0,0,309.916667
6253.983544,Vdcmax <= 0 ,SMA America: SB6000US (277V) w- -11 or -12 277V [CEC 2012],6000,0,49.128318,0,0,309.946667
6286.533498,Vdcmax <= 0 ,SMA America: SB6000US 208V [CEC 2007],6000,480,48.482417,250,0,309.933333
6271.263850,Vdcmax <= 0 ,SMA America: SB6000US 240V [CEC 2007],6000,480,49.135588,250,0,309.916667
6253.983544,Vdcmax <= 0 ,SMA America: SB6000US 277V [CEC 2007],6000,480,49.128318,250,0,309.946667
6286.533498,Vdcmax <= 0 ,SMA America: SB6000US-11 208V [CEC 2007],6000,480,48.482417,250,0,309.933333
6271.263850,Vdcmax <= 0 ,SMA America: SB6000US-11 240V [CEC 2007],6000,480,49.135588,250,0,309.916667
6253.983544,Vdcmax <= 0 ,SMA America: SB6000US-11 277V [CEC 2007],6000,480,49.128318,250,0,309.946667
7366.092136,Vdcmax <= 0 ,SMA America: SB7000US (208V) w- -11 or -12 208V [CEC 2012],7000,0,43.925507,0,0,310.020000
7339.275150,Vdcmax <= 0 ,SMA America: SB7000US (240V) w- -11 or -12 240V [CEC 2012],7000,0,48.278758,0,0,309.953333
7335.425627,Vdcmax <= 0 ,SMA America: SB7000US (277V) w- -11 or -12 277V [CEC 2012],7000,0,47.902645,0,0,309.356667
7366.092136,Vdcmax <= 0 ,SMA America: SB7000US 208V [CEC 2007],7000,480,43.925507,250,0,310.020000
7339.275150,Vdcmax <= 0 ,SMA America: SB7000US 240V [CEC 2007],7000,480,48.278758,250,0,309.953333
7335.425627,Vdcmax <= 0 ,SMA America: SB7000US 277V [CEC 2007],7000,480,47.902645,250,0,309.356667
7366.092136,Vdcmax <= 0 ,SMA America: SB7000US-11 208V [CEC 2007],7000,480,43.925507,250,0,310.020000
7339.275150,Vdcmax <= 0 ,SMA America: SB7000US-11 240V [CEC 2007],7000,480,48.278758,250,0,309.953333
7335.425627,Vdcmax <= 0 ,SMA America: SB7000US-11 277V [CEC 2007],7000,480,47.902645,250,0,309.356667
134337.859000,Vdcmax <= 0 ,SMA America: SC125U 208V [CEC 2005],125000,480,795.697005,275,0,339.666667
133529.836800,Vdcmax <= 0 ,SMA America: SC125U 480V [CEC 2005],125000,480,787.716999,275,0,340.900000
52444064,Paco < 0.75 Pdco,SMA America: SC500U [480V] 480V [CEC 2018],506700,480,257185,330,141741,370
1983.174765,Vdcmax <= 0 ,SMA America: SWR1800U 120V [CEC 2005],1800,400,13.886241,156,0,200.533333
2261.565173,Vdcmax <= 0 ,SMA America: SWR2100U 208V [CEC 2006],2100,480,19.849789,250,0,302.021429
2293.700005,Vdcmax <= 0 ,SMA America: SWR2500U 208V [CEC 2005],2100,480,17.545919,250,0,298.366667
2694.336504,Vdcmax <= 0 ,SMA America: SWR2500U 240V [CEC 2005],2500,480,20.761977,250,0,302.233333
104411.820300,MPPT_low > Vdco or MPPT_hi < Vdco,SanRex: PV-100K-48T-13 400V [CEC 2012],99680,800,1245.627109,450,240,401.320667
264916.789300,MPPT_low > Vdco or MPPT_hi < Vdco,SanRex: PV-250K-48T-13 480V [CEC 2012],251400,800,2307.276630,450,600,399.599333
525076.211900,MPPT_low > Vdco or MPPT_hi < Vdco,SanRex: PV-500K-48T-13 480V [CEC 2012],501400,800,4075.985602,450,1200,400.497333
4941.160000,MPPT_low > Vdco or MPPT_hi < Vdco,Schneider Electric Solar Inverters USA: XW+5548-NA [120V] 120V [CEC 2018],4500,58,23.874000,100,95.022300,52
6685.400000,MPPT_low > Vdco or MPPT_hi < Vdco,Schneider Electric Solar Inverters USA: XW+6848-NA [120V] 120V [CEC 2018],6000,58,45.033300,100,128.565000,52
4488.380000,MPPT_low > Vdco or MPPT_hi < Vdco,Schneider Electric Solar Inverters USA: XW4024-120/240-60 (120V) 240V [CEC 2016],4000,29,44.053300,100,0.137931,26
4643.240000,MPPT_low > Vdco or MPPT_hi < Vdco,Schneider Electric Solar Inverters USA: XW4024-120/240-60 240V [CEC 2016],4090,29,36.152000,100,0.141379,26
4488.380000,MPPT_low > Vdco or MPPT_hi < Vdco,Schneider Electric Solar Inverters USA: XW4024-120/240-60 [120V] 120V [CEC 2018],4000,29,44.053300,100,172.630000,26
4954.370000,MPPT_low > Vdco or MPPT_hi < Vdco,Schneider Electric Solar Inverters USA: XW4548-120/240-60 (120V) 240V [CEC 2016],4500,58,57.961000,100,0.077586,53
4811.290000,MPPT_low > Vdco or MPPT_hi < Vdco,Schneider Electric Solar Inverters USA: XW4548-120/240-60 240V [CEC 2016],4400,58,45.303300,100,0.075862,53
6385.900000,MPPT_low > Vdco or MPPT_hi < Vdco,Schneider Electric Solar Inverters USA: XW6048-120-60 52V [CEC 2016],5760,58,47.794100,100,0.099310,52
6385.900000,MPPT_low > Vdco or MPPT_hi < Vdco,Schneider Electric Solar Inverters USA: XW6048-120-60 [120V] 120V [CEC 2018],5760,58,47.794100,100,122.806000,52
6691.760000,MPPT_low > Vdco or MPPT_hi < Vdco,Schneider Electric Solar Inverters USA: XW6048-120/240 240V [CEC 2016],6000,58,51.729300,100,0.103448,52
3196.198653,Vdcmax <= 0 ,Schuco USA L.P. (Original Mfg - SMA America): SB3000US (208V) 208V [CEC 0],3000,400,13.664266,200,0,250.676667
3151.508922,Vdcmax <= 0 ,Schuco USA L.P. (Original Mfg - SMA America): SB3000US (240V) 240V [CEC 0],3000,400,17.843773,200,0,250.643333
3498.689441,Vdcmax <= 0 ,Schuco USA L.P. (Original Mfg - SMA America): SB3300U (240V) 240V [CEC 2006],3300,400,24.850660,200,0,248.928571
3770.537620,Vdcmax <= 0 ,Schuco USA L.P. (Original Mfg - SMA America): SB3800U (208V) 208V [CEC 2006],3500,400,19.427047,175,0,235.500000
4050.666169,Vdcmax <= 0 ,Schuco USA L.P. (Original Mfg - SMA America): SB3800U (240V) 240V [CEC 2006],3800,400,24.797358,200,0,251.500000
5212.835069,Vdcmax <= 0 ,Schuco USA L.P. (Original Mfg - SMA America): SB5000US (208V) 208V [CEC 0],5000,480,49.157147,250,0,309.913333
5204.604211,Vdcmax <= 0 ,Schuco USA L.P. (Original Mfg - SMA America): SB5000US (240V) 240V [CEC 0],5000,480,51.407137,250,0,309.883333
5201.185305,Vdcmax <= 0 ,Schuco USA L.P. (Original Mfg - SMA America): SB5000US (277V) 277V [CEC 0],5000,480,44.913819,250,0,309.903333
5535.254948,Vdcmax <= 0 ,Schuco USA L.P. (Original Mfg - SMA America): SB6000U (208V) 208V [CEC 2006],5200,480,36.943438,250,0,311.500000
6392.009685,Vdcmax <= 0 ,Schuco USA L.P. (Original Mfg - SMA America): SB6000U (240V) 240V [CEC 2006],6000,480,34.058859,260,0,311.500000
6369.027518,Vdcmax <= 0 ,Schuco USA L.P. (Original Mfg - SMA America): SB6000U (277V) 277V [CEC 2006],6000,480,36.697414,260,0,312.500000
6286.533498,Vdcmax <= 0 ,Schuco USA L.P. (Original Mfg - SMA America): SB6000US (208V) 208V [CEC 2006],6000,480,48.482417,250,0,309.933333
6271.263850,Vdcmax <= 0 ,Schuco USA L.P. (Original Mfg - SMA America): SB6000US (240V) 240V [CEC 2006],6000,480,49.135588,250,0,309.916667
6253.983544,Vdcmax <= 0 ,Schuco USA L.P. (Original Mfg - SMA America): SB6000US (277V) 277V [CEC 2006],6000,480,49.128318,250,0,309.946667
7366.092136,Vdcmax <= 0 ,Schuco USA L.P. (Original Mfg - SMA America): SB7000US (208V) 208V [CEC 2007],7000,480,43.925507,250,0,310.020000
7339.275150,Vdcmax <= 0 ,Schuco USA L.P. (Original Mfg - SMA America): SB7000US (240V) 240V [CEC 2007],7000,480,48.278758,250,0,309.953333
7335.425627,Vdcmax <= 0 ,Schuco USA L.P. (Original Mfg - SMA America): SB7000US (277V) 277V [CEC 2007],7000,480,47.902645,250,0,309.356667
44196.552820,MPPT_low <= 0 or MPPT_hi <=0,Schuco USA L.P. (Original Mfg - SMA America): ST42 (208) 208V [CEC 2008],42000,0,263.553042,0,180,310.020000
44012.553760,MPPT_low <= 0 or MPPT_hi <=0,Schuco USA L.P. (Original Mfg - SMA America): ST42 (277) 277V [CEC 2008],42000,0,287.415870,0,180,309.356667
1983.174765,Vdcmax <= 0 ,Schuco USA L.P. (Original Mfg - SMA America): SWR1800U-SBD 120V [CEC 2005],1800,400,13.886241,156,0,200.533333
2261.565173,Vdcmax <= 0 ,Schuco USA L.P. (Original Mfg - SMA America): SWR2100U 240V [CEC 2006],2100,480,19.849789,250,0,302.021429
2293.700005,Vdcmax <= 0 ,Schuco USA L.P. (Original Mfg - SMA America): SWR2500U (208V) 208V [CEC 2005],2100,480,17.545919,250,0,298.366667
2694.336504,Vdcmax <= 0 ,Schuco USA L.P. (Original Mfg - SMA America): SWR2500U (240V) 240V [CEC 2006],2500,480,20.761977,250,0,302.233333
2293.700005,Vdcmax <= 0 ,Schuco USA L.P. (Original Mfg - SMA America): SWR2500U-SBD (208V) 208V [CEC 2005],2100,480,17.545919,250,0,298.366667
2694.345833,Vdcmax <= 0 ,Schuco USA L.P. (Original Mfg - SMA America): SWR2500U-SBD (240V) 240V [CEC 2006],2500,480,20.758091,250,0,302.233333
3784.308664,Vdcmax <= 0 ,Sharp: JH3500U 240V [CEC 2005],3500,304,75.469563,215,0,276.589524
2935.233588,Vdcmax <= 0 ,Solar Liberty: SLX 3000 (208V) 208V [CEC 2012],2810,0,29.460129,0,0,275.077550
3133.636948,Vdcmax <= 0 ,Solar Liberty: SLX 3000 (240V) 240V [CEC 2012],3010,0,30.525529,0,0,275.013356
3684.816724,Vdcmax <= 0 ,Solar Liberty: SLX 4000 (208V) 208V [CEC 2012],3510,0,31.652732,0,0,275.046765
4215.851792,Vdcmax <= 0 ,Solar Liberty: SLX 4000 (240V) 240V [CEC 2012],4020,0,31.601342,0,0,275.081396
4599.720911,Vdcmax <= 0 ,Solar Liberty: SLX 5000 (208V) 208V [CEC 2012],4400,0,32.958207,0,0,274.609002
5240.017834,Vdcmax <= 0 ,Solar Liberty: SLX 5000 (240V) 240V [CEC 2012],5010,0,31.405751,0,0,274.966296
4829.422409,Vdcmax <= 0 ,Solar Liberty: SLX 5300 (208V) 208V [CEC 2012],4600,0,26.071506,0,0,275
5571.180956,Vdcmax <= 0 ,Solar Liberty: SLX 5300 (240V) 240V [CEC 2012],5300,0,28.519033,0,0,274.900000
6794.002299,Vdcmax <= 0 ,Solar Liberty: SLX 6500 (208V) 208V [CEC 2012],6430,0,38.693694,0,0,274.996763
6773.155901,Vdcmax <= 0 ,Solar Liberty: SLX 6500 (240V) 240V [CEC 2012],6450,0,37.325263,0,0,275.014696
6742.772642,Vdcmax <= 0 ,Solar Liberty: SLX 6500 (277V) 277V [CEC 2012],6450,0,37.198270,0,0,275.009454
7871.729128,Vdcmax <= 0 ,Solar Liberty: SLX 7500 (208V) 208V [CEC 2012],7430,0,37.254159,0,0,266.031371
7845.577809,Vdcmax <= 0 ,Solar Liberty: SLX 7500 (240V) 240V [CEC 2012],7450,0,37.076938,0,0,275.046452
7823.148255,Vdcmax <= 0 ,Solar Liberty: SLX 7500 (277V) 277V [CEC 2012],7460,0,38.080810,0,0,274.990152
252.383047,Vdco <= 0 ,SolarBridge Technologies: P250HV-208 208V [CEC 2012],240,50,1.491591,25,7.500000,-43.090667
252.383047,Vdco <= 0 ,SolarBridge Technologies: P250HV-208-240-xxx 208V [CEC 2013],240,50,1.491591,25,7.500000,-43.090667
253.176157,Vdco <= 0 ,SolarBridge Technologies: P250LV-208 208V [CEC 2012],240,37,1.513693,18,10,-23.853333
253.176157,Vdco <= 0 ,SolarBridge Technologies: P250LV-208-240-xxx 208V [CEC 2013],240,37,1.513693,18,10,-23.853333
3391.978366,MPPT_low <= 0 or MPPT_hi <=0,SolarEdge Technologies Inc.: SE3300-208V 208V [CEC 2010],3288,0,10.789470,0,13,409.292000
3339.970781,MPPT_low <= 0 or MPPT_hi <=0,SolarEdge Technologies Inc.: SE3300-240V 240V [CEC 2010],3250,0,13.101220,0,13,431.881333
4123.911112,MPPT_low <= 0 or MPPT_hi <=0,SolarEdge Technologies Inc.: SE4000-208V 208V [CEC 2010],3990,0,11.503008,0,16,409.627000
4086.711275,MPPT_low <= 0 or MPPT_hi <=0,SolarEdge Technologies Inc.: SE4000-240V 240V [CEC 2010],3974,0,11.078295,0,16,430.503000
5161.729754,MPPT_low <= 0 or MPPT_hi <=0,SolarEdge Technologies Inc.: SE5000-208V 208V [CEC 2010],4980,0,8.829426,0,20,409.106000
5115.606977,MPPT_low <= 0 or MPPT_hi <=0,SolarEdge Technologies Inc.: SE5000-240V 240V [CEC 2010],4975,0,8.639796,0,20,434.216667
5534.052137,MPPT_low <= 0 or MPPT_hi <=0,SolarEdge Technologies Inc.: SE6000-208V 208V [CEC 2010],5330,0,9.835840,0,23,409.595667
6182.880918,MPPT_low <= 0 or MPPT_hi <=0,SolarEdge Technologies Inc.: SE6000-240V 240V [CEC 2010],5994,0,11.619576,0,23,433.589000
10248.546410,MPPT_low <= 0 or MPPT_hi <=0,SolarEdge Technologies: SE 10000A-US (208V) 208V [CEC 2013],9930,0,16.065245,0,27,376.686000
10282.068600,MPPT_low <= 0 or MPPT_hi <=0,SolarEdge Technologies: SE 10000A-US (240V) 240V [CEC 2013],10010,0,18.260855,0,27,401.491333
10209.522810,MPPT_low <= 0 or MPPT_hi <=0,SolarEdge Technologies: SE 10000A-US (240V) 240V [CEC 2015],9940,0,18.260855,0,30.500000,200.745667
10194.523350,MPPT_low <= 0 or MPPT_hi <=0,SolarEdge Technologies: SE 10000A-US (277V) 277V [CEC 2013],9950,0,19.176753,0,27,436.519000
11711.573660,MPPT_low <= 0 or MPPT_hi <=0,SolarEdge Technologies: SE 11400A-US (240V) 240V [CEC 2013],11390,0,17.949611,0,30,401.536000
11629.248760,MPPT_low <= 0 or MPPT_hi <=0,SolarEdge Technologies: SE 11400A-US (277V) 277V [CEC 2013],11340,0,19.644418,0,30,436.596333
7783.328662,MPPT_low <= 0 or MPPT_hi <=0,SolarEdge Technologies: SE 7600A-US (208V) 208V [CEC 2013],7560,0,18.895815,0,18.500000,376.704000
7823.539101,MPPT_low <= 0 or MPPT_hi <=0,SolarEdge Technologies: SE 7600A-US (240V) 240V [CEC 2013],7630,0,18.966984,0,18.500000,401.566667
7778.733860,MPPT_low <= 0 or MPPT_hi <=0,SolarEdge Technologies: SE 7600A-US (277V) 277V [CEC 2013],7600,0,20.486462,0,18.500000,436.613000
10056.019990,MPPT_low <= 0 or MPPT_hi <=0,SolarEdge Technologies: SE10K 480V [CEC 2013],9850,0,37.329855,0,13.500000,442.733117
20486.662060,MPPT_low <= 0 or MPPT_hi <=0,SolarEdge Technologies: SE20K 480V [CEC 2013],20050,0,46.097787,0,26.500000,442.874433
3863.184852,MPPT_low <= 0 or MPPT_hi <=0,SolarEdge Technologies: SE3800 (240V) w- -ER-US or A-US 240V [CEC 2013],3790,0,9.962429,0,12.500000,401.066667
5091.645880,MPPT_low <= 0 or MPPT_hi <=0,SolarEdge Technologies: SE5000 (240V) w- -ER-US or A-US 240V [CEC 2013],4990,0,11.312867,0,16,401.143667
7843.046183,MPPT_low <= 0 or MPPT_hi <=0,SolarEdge Technologies: SE7600 (240V) 240V [CEC 2014],7625,0,16.707591,0,23,200.535333
12150,Paco < 0.75 Pdco,SolarEdge Technologies: SE9K 208V MOD,8960,0,22.735059,0,26.500000,213.358850
9341.779211,MPPT_low <= 0 or MPPT_hi <=0,SolarEdge Technologies: SE9K 208V [CEC 2013],8960,0,22.735059,0,26.500000,213.358850
80005.483470,Vdcmax <= 0 ,Solarmax: SM75TS-A 480V [CEC 2014],75133,0,347.759789,0,0,451.405333
14381.608830,Vdcmax <= 0 ,Solectria: PVI 13 kW 208 V 208V [CEC 2007],13500,380,112.445878,225,0,269.916667
14236.994300,Vdcmax <= 0 ,Solectria: PVI 13 kW 480 V 480V [CEC 2007],13440,380,94.486194,225,0,269.738889
16253.102020,Vdcmax <= 0 ,Solectria: PVI 15 kW 208 V 208V [CEC 2007],15240,380,105.967231,225,0,269.880667
16017.913400,Vdcmax <= 0 ,Solectria: PVI 15 kW 480 V 480V [CEC 2007],15090,380,98.450526,225,0,269.704667
64031.983740,Vdcmax <= 0 ,Solectria: PVI 60kW 208V 208V [CEC 2007],61100,480,1089.379176,346,0,389.103333
62854.171480,Vdcmax <= 0 ,Solectria: PVI 60kW 480V 480V [CEC 2007],60670,480,824.133835,347,0,389.138333
87889.988550,Vdcmax <= 0 ,Solectria: PVI 77kW 208V 208V [CEC 2007],83300,480,854.160725,346,0,389.091667
85967.590150,Vdcmax <= 0 ,Solectria: PVI 77kW 480V 480V [CEC 2007],81990,480,970.014992,347,0,389.008333
87889.988550,Vdcmax <= 0 ,Solectria: PVI 82kW 208V 208V [CEC 2011],83300,480,854.160725,346,0,389.091667
85967.590150,Vdcmax <= 0 ,Solectria: PVI 82kW 480V 480V [CEC 2011],81990,480,970.014992,347,0,389.008333
101288.300200,Vdcmax <= 0 ,Solectria: PVI 90kW 208V 208V [CEC 2007],95470,480,751.032021,347,0,388.793333
100424.878900,Vdcmax <= 0 ,Solectria: PVI 90kW 480V 480V [CEC 2007],95320,480,1000.847923,347,0,388.906667
101288.300200,Vdcmax <= 0 ,Solectria: PVI 95kW 208V 208V [CEC 2011],95470,480,751.032021,347,0,388.793333
100424.878900,Vdcmax <= 0 ,Solectria: PVI 95kW 480V 480V [CEC 2011],95320,480,1000.847923,347,0,388.906667
2884.401456,Vdcmax <= 0 ,SunPower Corp ( Original Mfg - Xantrex): SPR-2800x (208V) 208V [CEC 0],2700,480,30.831536,195,0,265.991905
2979.735002,Vdcmax <= 0 ,SunPower Corp ( Original Mfg - Xantrex): SPR-2800x (240V) 240V [CEC 0],2800,480,31.212730,195,0,265.920000
4005.615544,Vdcmax <= 0 ,SunPower Corp ( Original Mfg - Xantrex): SPR-4000x (208V) 208V [CEC 2006],3800,480,28.091051,240,0,300.004286
2649.519662,Vdcmax <= 0 ,SunPower Corp (Original - Mfg Xantrex): SPR-2500x 240V [CEC 2007],2500,480,28.331215,195,0,266.254762
3526.692872,Vdcmax <= 0 ,SunPower Corp (Original - Mfg Xantrex): SPR-3300x-208 208V [CEC 2006],3300,480,30.940439,195,0,266.154762
3494.966781,Vdcmax <= 0 ,SunPower Corp (Original - Mfg Xantrex): SPR-3300x-240 240V [CEC 2006],3300,480,30.561868,195,0,266.088333
4198.049667,Vdcmax <= 0 ,SunPower Corp (Original - Mfg Xantrex): SPR-4000x 240V [CEC 2006],4000,480,27.589570,195,0,300.027857
5285.108257,Vdcmax <= 0 ,SunPower Corp (Original - Mfg Xantrex): SPR-5000x 240V [CEC 2007],5000,480,27.228419,240,0,299.721429
3485.093696,Vdcmax <= 0 ,SunPower Corp (Original Mfg - Fronius Int. GmbH): SPR-3300f (208) 208V [CEC 2008],3300,0,20.275795,0,18.500000,362.486667
3455.493773,Vdcmax <= 0 ,SunPower Corp (Original Mfg - Fronius Int. GmbH): SPR-3300f (240) 240V [CEC 2008],3300,0,20.742679,0,18.500000,386.514143
3443.724621,Vdcmax <= 0 ,SunPower Corp (Original Mfg - Fronius Int. GmbH): SPR-3300f (277) 277V [CEC 2008],3300,0,24.637224,0,18.500000,327.002762
4037.728434,Vdcmax <= 0 ,SunPower Corp (Original Mfg - Fronius Int. GmbH): SPR-4000f (208) 208V [CEC 2008],3800,0,22.165793,0,22.100000,362.579048
4206.979758,Vdcmax <= 0 ,SunPower Corp (Original Mfg - Fronius Int. GmbH): SPR-4000f (240) 240V [CEC 2008],4000,0,22.835435,0,22.100000,386.465095
4191.165987,Vdcmax <= 0 ,SunPower Corp (Original Mfg - Fronius Int. GmbH): SPR-4000f (277) 277V [CEC 2008],4000,0,26.188648,0,22.100000,327.010929
6873.631701,Vdcmax <= 0 ,SunPower Corp (Original Mfg - Fronius Int. GmbH): SPR-6500f (208V) 208V [CEC 2008],6500,0,35.493520,0,0,364.628333
6815.017639,Vdcmax <= 0 ,SunPower Corp (Original Mfg - Fronius Int. GmbH): SPR-6500f (240V) 240V [CEC 2008],6500,0,33.489802,0,0,388.548571
6778.476913,Vdcmax <= 0 ,SunPower Corp (Original Mfg - Fronius Int. GmbH): SPR-6500f (277V) 277V [CEC 2008],6500,0,25.438767,0,0,327.716619
8083.343223,Vdcmax <= 0 ,SunPower Corp (Original Mfg - Fronius Int. GmbH): SPR-8000f (208V) 208V [CEC 2008],7600,0,43.057367,0,0,364.647381
8420.018146,Vdcmax <= 0 ,SunPower Corp (Original Mfg - Fronius Int. GmbH): SPR-8000f (240V) 240V [CEC 2008],8000,0,34.851926,0,0,388.713810
8379.424145,Vdcmax <= 0 ,SunPower Corp (Original Mfg - Fronius Int. GmbH): SPR-8000f (277V) 277V [CEC 2008],8000,0,26.911633,0,0,327.883976
3637.575560,Vdcmax <= 0 ,SunPower Corp (Original Mfg - PV Powered): SPR-3500 240V [CEC 2006],3500,400,55.521595,200,0,265.136667
4791.744423,Vdcmax <= 0 ,SunPower Corp (Original Mfg - PV Powered): SPR-4600 208V [CEC 2005],4600,400,50.978846,205,0,255.207222
5384.828287,Vdcmax <= 0 ,SunPower Corp (Original Mfg - PV Powered): SPR-5200 240V [CEC 2005],5200,400,57.555459,240,0,281.507778
3196.198653,Vdcmax <= 0 ,SunPower Corp (Original Mfg - SMA America): SPR-3000m (208V) 208V [CEC 2007],3000,400,13.664266,200,0,250.676667
3151.508922,Vdcmax <= 0 ,SunPower Corp (Original Mfg - SMA America): SPR-3000m (240V) 240V [CEC 2007],3000,400,17.843773,200,0,250.643333
3700.166682,Vdcmax <= 0 ,SunPower Corp (Original Mfg - SMA America): SPR-4000m (208V) 208V [CEC 2007],3500,480,17.367548,250,0,310.663333
4186.000808,Vdcmax <= 0 ,SunPower Corp (Original Mfg - SMA America): SPR-4000m (240V) 240V [CEC 2007],4000,480,19.739120,250,0,310.670000
5212.835069,Vdcmax <= 0 ,SunPower Corp (Original Mfg - SMA America): SPR-5000m (208V) 208V [CEC 2007],5000,480,49.157147,250,0,309.913333
5204.604211,Vdcmax <= 0 ,SunPower Corp (Original Mfg - SMA America): SPR-5000m (240V) 240V [CEC 2007],5000,480,51.407137,250,0,309.883333
5201.185305,Vdcmax <= 0 ,SunPower Corp (Original Mfg - SMA America): SPR-5000m (277V) 277V [CEC 2007],5000,480,44.913819,250,0,309.903333
6286.533498,Vdcmax <= 0 ,SunPower Corp (Original Mfg - SMA America): SPR-6000m (208V) 208V [CEC 2007],6000,480,48.482417,250,0,309.933333
6271.263850,Vdcmax <= 0 ,SunPower Corp (Original Mfg - SMA America): SPR-6000m (240V) 240V [CEC 2007],6000,480,49.135588,250,0,309.916667
6253.983544,Vdcmax <= 0 ,SunPower Corp (Original Mfg - SMA America): SPR-6000m (277V) 277V [CEC 2007],6000,480,49.128318,250,0,309.946667
7366.092136,Vdcmax <= 0 ,SunPower Corp (Original Mfg - SMA America): SPR-7000m (208V) 208V [CEC 2007],7000,480,43.925507,250,0,310.020000
7339.275150,Vdcmax <= 0 ,SunPower Corp (Original Mfg - SMA America): SPR-7000m (240V) 240V [CEC 2007],7000,480,48.278758,250,0,309.953333
7335.425627,Vdcmax <= 0 ,SunPower Corp (Original Mfg - SMA America): SPR-7000m (277V) 277V [CEC 2007],7000,480,47.902645,250,0,309.356667
3856.219633,MPPT_low > Vdco or MPPT_hi < Vdco,Sunset: SUNstring 5000 240V [CEC 2007],3600,600,32.451975,340,43,178.627143
2540000,MPPT_low > Vdco or MPPT_hi < Vdco,TMEIC: PVH-L2500GR-EG 900V [CEC 2016],2500000,120,1997.860000,800,20.833300,900
264.605744,Vdcmax <= 0 ,Ubiquiti Networks International: SM-MI-250 240V [CEC 2015],251.500000,0,0.525179,0,0,29.910172
2649.526488,Vdcmax <= 0 ,"Xantrex Technologies, Inc.: GT2.5-NA-DS-240-POS 240V [CEC 2005]",2500,480,28.334095,195,0,266.254762
2884.401456,Vdcmax <= 0 ,"Xantrex Technologies, Inc.: GT2.8 240-208 (208) 208V [CEC 0]",2700,480,30.831536,195,0,265.991905
2979.735002,Vdcmax <= 0 ,"Xantrex Technologies, Inc.: GT2.8 240-208 (240) 240V [CEC 0]",2800,480,31.212730,195,0,265.920000
3171.055637,Vdcmax <= 0 ,"Xantrex Technologies, Inc.: GT3.0-NA-DS-240-POS 240V [CEC 2005]",3000,480,26.299308,195,0,267.042619
3526.692872,Vdcmax <= 0 ,"Xantrex Technologies, Inc.: GT3.3-NA-DS-208-POS 208V [CEC 2005]",3300,480,30.940439,195,0,266.154762
3495.131486,Vdcmax <= 0 ,"Xantrex Technologies, Inc.: GT3.3-NA-DS-240-POS 240V [CEC 2005]",3300,480,30.618891,195,0,266.088333
10915.246650,Vdcmax <= 0 ,"Xantrex Technologies, Inc.: PV10-480xfrmr 480V [CEC 2005]",10190,480,205.284231,330,0,368.412619
106592.566600,Vdcmax <= 0 ,"Xantrex Technologies, Inc.: PV100S-208-HE 208V [CEC 2006]",101290,480,1151.025637,300,0,345.113095
106050.372100,Vdcmax <= 0 ,"Xantrex Technologies, Inc.: PV100S-480-HE 480V [CEC 2006]",101110,480,1136.998188,300,0,345.321429
16466.382400,Vdcmax <= 0 ,"Xantrex Technologies, Inc.: PV15-480xfrmr 480V [CEC 2005]",15280,480,325.513027,330,0,368.481667
22067.801550,Vdcmax <= 0 ,"Xantrex Technologies, Inc.: PV20-480xfrmr 480V [CEC 2005]",20490,480,360.869794,330,0,368.457143
239481.495900,Vdcmax <= 0 ,"Xantrex Technologies, Inc.: PV225S-480-P 480V [CEC 2005]",225270,480,2817.456852,300,0,368.592381
32206.007140,Vdcmax <= 0 ,"Xantrex Technologies, Inc.: PV30-480xfrmr 480V [CEC 2005]",29970,480,580.602689,330,0,368.489524
48801.529420,Vdcmax <= 0 ,"Xantrex Technologies, Inc.: PV45-480xfrmr 480V [CEC 2005]",45210,480,847.400282,330,0,368.432381
3941.360134,Vdcmax <= 0 ,"Xantrex Technologies, Inc.: SW4024+GTI 120V [CEC 2005]",3297,30,25.810534,22,0,26.798333
3757.693835,Vdcmax <= 0 ,"Xantrex Technologies, Inc.: SW4048+GTI 120V [CEC 2005]",3211.300000,60,22.205348,44,0,53.625556
5409.060016,Vdcmax <= 0 ,"Xantrex Technologies, Inc.: SW5548+GTI 120V [CEC 2005]",4627,60,26.570168,44,0,53.194444
4648.620882,Vdcmax <= 0 ,"Xantrex Technologies, Inc.: XW4024-120-240-60 (240V) 240V [CEC 2007]",4092,29,33.726108,24,0,26.033333
4803.226530,Vdcmax <= 0 ,"Xantrex Technologies, Inc.: XW4548-120-240-60 (240V) 240V [CEC 2008]",4400,58,42.463490,48,0,53.046357
6394.160654,Vdcmax <= 0 ,"Xantrex Technologies, Inc.: XW6048-120-60 120V [CEC 2009]",5760,64,36.878110,44,0,51.972048
6414.408366,Vdcmax <= 0 ,"Xantrex Technologies, Inc.: XW6048-240-60 (240V) 240V [CEC 2007]",5752,58,40.639254,47,0,52.127952
3970.900000,MPPT_low > Vdco or MPPT_hi < Vdco,Xantrex Technology: SW4024 26.8V [CEC 2016],3297,30,30.057100,100,0.109900,26.800000
3970.910000,MPPT_low > Vdco or MPPT_hi < Vdco,Xantrex Technology: SW4024 [120V] 120V [CEC 2018],3297,30,30.057100,100,148.168000,26.800000
3779.190000,MPPT_low > Vdco or MPPT_hi < Vdco,Xantrex Technology: SW4048 53.2V [CEC 2016],3211,60,28.784100,100,0.053517,53.200000
3779.190000,MPPT_low > Vdco or MPPT_hi < Vdco,Xantrex Technology: SW4048 [120V] 120V [CEC 2018],3211,60,28.784100,100,71.037300,53.200000
4948.160000,MPPT_low > Vdco or MPPT_hi < Vdco,Xantrex Technology: SW5548 53.2V [CEC 2016],4265,60,29.873000,100,0.071083,53.200000
4948.160000,MPPT_low > Vdco or MPPT_hi < Vdco,Xantrex Technology: SW5548 [120V] 120V [CEC 2018],4265,60,29.873000,100,93.010400,53.200000
