Name,SRCC Number,Type,Test Fluid,Test Flow Rate,Area,FRta,FRUL,IAM
Units,,,,kg/s,m2,,W/m2-C,
[0],srcc_num,srcc_type,srcc_test_fluid,srcc_test_flow,srcc_area,srcc_FRta,srcc_FRUL,srcc_iam
ACR Solar International Skyline 20-01,2001002A ,Glazed Flat-Plate,0,0.0316,1.87,0.605,3.84,0.19
ACR Solar International Skyline 10-01,2001002B ,Glazed Flat-Plate,0,0.0316,0.93,0.603,3.87,0.19
Advanced Thermal Solar  LLC Advanced Thermal Solar  LLC SP-S58 1800A-10,2009106Ai ,Tubular,0,0,1.61,0.3,2,-1.8
Advanced Thermal Solar  LLC Advanced Thermal Solar  LLC SP-S58 1800A-22,2009106Bi ,Tubular,0,0,3.84,0.3,2,-1.8
Advanced Thermal Solar  LLC Advanced Thermal Solar  LLC SP-S58 1800A-30,2009106Ci ,Tubular,0,0,5.12,0.3,2,-1.8
Alternate Energy Technologies Alternate Energy AE-21,2002001A ,Glazed Flat-Plate,0,0.0388,1.93,0.691,3.4,0.19
Alternate Energy Technologies Alternate Energy AE-24,2002001B ,Glazed Flat-Plate,0,0.0388,2.21,0.691,3.4,0.19
Alternate Energy Technologies Alternate Energy AE-26,2002001C ,Glazed Flat-Plate,0,0.0388,2.35,0.691,3.4,0.19
Alternate Energy Technologies Alternate Energy AE-28,2002001D ,Glazed Flat-Plate,0,0.0388,2.6,0.691,3.4,0.19
Alternate Energy Technologies Alternate Energy AE-32,2002001E ,Glazed Flat-Plate,0,0.0388,2.96,0.691,3.4,0.19
Alternate Energy Technologies Alternate Energy AE-40,2002001F ,Glazed Flat-Plate,0,0.0388,3.7,0.691,3.4,0.19
Alternate Energy Technologies Alternate Energy AE-56,2002001G ,Glazed Flat-Plate,0,0.0388,5.18,0.691,3.4,0.19
Alternate Energy Technologies Alternate Energy AE-50,2002001H ,Glazed Flat-Plate,0,0.0388,4.66,0.691,3.4,0.19
Alternate Energy Technologies Morning Star MSC-40,2002002F ,Glazed Flat-Plate,0,0.0388,3.92,0.691,3.4,0.19
Alternate Energy Technologies Morning Star MSC-24,2002002B ,Glazed Flat-Plate,0,0.0388,2.28,0.691,3.4,0.19
Alternate Energy Technologies Morning Star MSC-26,2002002C ,Glazed Flat-Plate,0,0.0388,2.42,0.691,3.4,0.19
Alternate Energy Technologies Morning Star MSC-21,2002002A ,Glazed Flat-Plate,0,0.0388,2,0.691,3.4,0.19
Alternate Energy Technologies Morning Star MSC-32,2002002E ,Glazed Flat-Plate,0,0.0388,3.03,0.691,3.4,0.19
Alternate Energy Technologies Morning Star MSC-28,2002002D ,Glazed Flat-Plate,0,0.0388,2.66,0.691,3.4,0.19
Alternate Energy Technologies Starfire ST-21E,1999002A ,Glazed Flat-Plate,0,0.0385,1.97,0.665,4.72,0.05
Alternate Energy Technologies Starfire ST-40E,1999002B ,Glazed Flat-Plate,0,0.0385,3.58,0.665,4.72,0.05
Alternate Energy Technologies American Energy AE-21E,1999001A ,Glazed Flat-Plate,0,0.0385,1.93,0.638,4.26,-0.02
Alternate Energy Technologies American Energy AE-24E,1999001B ,Glazed Flat-Plate,0,0.0385,2.21,0.638,4.26,-0.02
Alternate Energy Technologies American Energy AE-40E,1999001C ,Glazed Flat-Plate,0,0.0385,3.7,0.638,4.26,-0.02
Alternate Energy Technologies Morning Star MSC-21E,1999001D ,Glazed Flat-Plate,0,0.0385,2,0.638,4.26,-0.02
Alternate Energy Technologies Morning Star MSC-28E,1999001G ,Glazed Flat-Plate,0,0.0385,2.65,0.638,4.26,-0.02
Alternate Energy Technologies American Energy AE-26E,1999001H ,Glazed Flat-Plate,0,0.0385,2.36,0.638,4.26,-0.02
Alternate Energy Technologies American Energy AE-32E,1999001I ,Glazed Flat-Plate,0,0.0385,2.97,0.638,4.26,-0.02
Alternate Energy Technologies Morning Star MSC-26E,1999001J ,Glazed Flat-Plate,0,0.0385,2.41,0.638,4.26,-0.02
Alternate Energy Technologies Morning Star MSC-32E,1999001K ,Glazed Flat-Plate,0,0.0385,3.02,0.638,4.26,-0.02
Alternate Energy Technologies Morning Star MSC-40E,1999001L ,Glazed Flat-Plate,0,0.0385,3.76,0.638,4.26,-0.02
Alternate Energy Technologies Morning Star MSC-24E,1999001E ,Glazed Flat-Plate,0,0.0385,2.27,0.638,4.26,-0.02
Alternate Energy Technologies American Energy AE-28E,1999001F ,Glazed Flat-Plate,0,0.0385,2.6,0.638,4.26,-0.02
American Solar Works Holdings ASW -58A-25,2007028C ,Tubular,0,0.071,4,0.477,0.94,-0.96
American Solar Works Holdings ASW -58A-30,2007028B ,Tubular,0,0.071,4.81,0.477,0.94,-0.96
American Solar Works Holdings ASW -58A,2007028A ,Tubular,0,0.071,3.52,0.477,0.94,-0.96
American Solar Works Holdings American Solar Works ASW52B,2006009A ,Tubular,0,0.057,2.86,0.474,0.89,-0.75
American Solar Works Holdings American Solar Works ASW52B Stretch,2006009B ,Tubular,0,0.057,3.9,0.474,0.89,-0.75
Apricus Inc. Apricus AP-20,2007033B ,Tubular,0,0.083,2.96,0.456,1.35,-1.31
Apricus Inc. Apricus AP-30C,2007033D ,Tubular,0,0.083,4.16,0.456,1.35,-1.31
Apricus Inc. Apricus AP-30,2007033A ,Tubular,0,0.083,4.16,0.456,1.35,-1.31
Apricus Inc. Apricus AP-10,2007033C ,Tubular,0,0.083,1.34,0.456,1.35,-1.31
Baymak Group BAYMAK Advanced XL,2010057A ,Glazed Flat-Plate,1,0.0472,2.51,0.708,3.73,0.13
Beijing Sunda Solar Energy Technology Co Ltd SUNDA SEIDO 2-8,2007025A ,Tubular,0,0.041,2.03,0.623,1.23,-0.27
Beijing Sunda Solar Energy Technology Co Ltd SUNDA SEIDO 2-16,2007025B ,Tubular,0,0.041,4.1,0.623,1.23,-0.27
Beijing Sunda Solar Energy Technology Co Ltd SUNDA SEIDO 1-16,2004001B ,Tubular,0,0.036,3.99,0.526,1.33,-0.3
Beijing Sunda Solar Energy Technology Co Ltd SUNDA SEIDO 1-8,2004001A ,Tubular,0,0.036,2,0.526,1.33,-0.3
Beijing Sunda Solar Energy Technology Co Ltd SUNDA SEIDO 5-16 AS AB,2006026B ,Tubular,0,0.041,4.1,0.489,1.59,-0.95
Beijing Sunda Solar Energy Technology Co Ltd SUNDA SEIDO 5-8 AS AB,2006026A ,Tubular,0,0.041,2.03,0.489,1.59,-0.95
Beijing Sunda Solar Energy Technology Co Ltd SUNDA SEIDO 10-20AS AB,2006010B ,Tubular,0,0.034,3.39,0.46,1.29,-0.12
Beijing Sunda Solar Energy Technology Co Ltd SUNDA SEIDO 10-10AS AB,2006010A ,Tubular,0,0.034,1.68,0.46,1.29,-0.12
Bosch Thermotechnology Corp. Bosch Bosch FKT-1W,2008056B ,Glazed Flat-Plate,0,0.048,2.41,0.739,3.44,0.1
Bosch Thermotechnology Corp. Bosch Bosch FKT-1 s+w (Vert. & Horiz.),2008056A ,Glazed Flat-Plate,0,0.048,2.41,0.739,3.44,0.1
Bosch Thermotechnology Corp. Buderus Buderus SKN 3.0-s+w (Vert. & Horiz.),2007005A ,Glazed Flat-Plate,0,0.048,2.41,0.72,4.02,0.02
Bosch Thermotechnology Corp. Bosch Bosch FKC-1 s+w (Vert. & Horiz.),2007043A ,Glazed Flat-Plate,0,0.048,2.41,0.72,4.02,0.02
Bosch Thermotechnology Corp. Buderus Buderus SKS 4.0-s+w (Vert. & Horiz.),2007006A ,Glazed Flat-Plate,0,0.048,2.41,0.709,3.26,0.01
Bosch Thermotechnology Corp. Bosch Bosch FKB-1 (Vert.),2007041A ,Glazed Flat-Plate,0,0.048,2.4,0.694,3.13,0.06
Bosch Thermotechnology Corp. Bosch FCC-1S,2010040A ,Glazed Flat-Plate,0,0.0428,2.08,0.686,3.86,0.03
BTF  Ltd. Solar Patriot SP-20,2004013A ,Tubular,0,0.055,3.08,0.342,0.85,-1.18
Bubbling Springs Solar  Inc. Main Stream MS 40,2006048C ,Glazed Flat-Plate,0,0.0584,3.71,0.705,4.32,0.34
Bubbling Springs Solar  Inc. Main Stream MS 32,2006048B ,Glazed Flat-Plate,0,0.0584,2.98,0.702,4.32,0.34
Bubbling Springs Solar  Inc. Main Stream MS 29,2006048A ,Glazed Flat-Plate,0,0.0584,2.92,0.701,4.31,0.34
Caleffi Solar SolarFlat NAS10408,2008033B ,Glazed Flat-Plate,0,0.0388,2.96,0.691,3.4,0.19
Caleffi Solar SolarFlat NAS10410,2008033C ,Glazed Flat-Plate,0,0.0388,3.7,0.691,3.4,0.19
Caleffi Solar SolarFlat NAS10406,2008033A ,Glazed Flat-Plate,0,0.0388,2.35,0.691,3.4,0.19
Changzhou Erjin Solar Energy Equipment Making Co. ERJIN SC58-1.8-20,2009034B ,Tubular,0,0.0325,3.49,0.302,1.25,-1.44
Changzhou Erjin Solar Energy Equipment Making Co. ERJIN SC58-1.8-10,2009034A ,Tubular,0,0.0325,1.62,0.302,1.25,-1.44
Changzhou Erjin Solar Energy Equipment Making Co. ERJIN SC58-1.8-30,2009034C ,Tubular,0,0.0325,5.21,0.302,1.25,-1.44
Changzhou HE Jia Solar Energy Co.  Ltd. HEJIASUN HCA-58-18,2009003B ,Tubular,0,0.0555,2.47,0.406,1.38,-1.37
Changzhou HE Jia Solar Energy Co.  Ltd. HEJIASUN HCA-58-20,2009003A ,Tubular,0,0.0555,2.75,0.406,1.38,-1.37
Changzhou HE Jia Solar Energy Co.  Ltd. HEJIASUN HCA-58-24,2009003C ,Tubular,0,0.0555,3.3,0.406,1.38,-1.37
Changzhou HE Jia Solar Energy Co.  Ltd. HEJIASUN HCA-58-30,2009003D ,Tubular,0,0.0555,4.14,0.406,1.38,-1.37
Chromagen Chromagen CR-130-A-SP,2009059D ,Glazed Flat-Plate,0,0.042,2.96,0.736,3.54,0.22
Chromagen Chromagen CR-140-A-P,2009061E ,Glazed Flat-Plate,0,0.042,3.71,0.736,3.88,0.3
Chromagen Chromagen CR-120-A-SP,2009059C ,Glazed Flat-Plate,0,0.042,2.8,0.735,3.53,0.22
Chromagen Chromagen CR-120-A-P,2009061C ,Glazed Flat-Plate,0,0.042,2.8,0.731,3.87,0.3
Chromagen Chromagen CR-130-A-P,2009061D ,Glazed Flat-Plate,0,0.042,2.96,0.731,3.87,0.3
Chromagen Chromagen CR-110-A-SP,2009059B ,Glazed Flat-Plate,0,0.042,2.37,0.727,3.51,0.22
Chromagen Chromagen CR-100-A-SP,2009059A ,Glazed Flat-Plate,0,0.042,2.09,0.723,3.49,-0.22
Chromagen Chromagen CR-110-A-P,2009061B ,Glazed Flat-Plate,0,0.042,2.37,0.722,3.84,0.3
Chromagen Chromagen CR-100-A-P,2009061A ,Glazed Flat-Plate,0,0.042,2.1,0.719,3.83,-0.3
Chromagen Chromagen CR-140-SP,2007057E ,Glazed Flat-Plate,0,0.0417,3.71,0.692,3.87,-0.43
Chromagen Chromagen CR-130-SP,2007057D ,Glazed Flat-Plate,0,0.0417,2.96,0.687,3.84,-0.43
Chromagen Chromagen CR-120-SP,2007057C ,Glazed Flat-Plate,0,0.0417,2.8,0.681,3.82,-0.43
Chromagen Chromagen CR-100-P,2007059A ,Glazed Flat-Plate,0,0.0407,2.05,0.678,4.41,0.15
Chromagen Chromagen CR-110-SP,2007057B ,Glazed Flat-Plate,0,0.0417,2.37,0.678,3.81,-0.43
Chromagen Chromagen CR-100-SP,2007057A ,Glazed Flat-Plate,0,0.0417,2.05,0.669,3.77,-0.43
Creative Solar Energy Co.  Ltd. Creative Solar CT Black,2009036A ,Glazed Flat-Plate,0,0.04,2.03,0.714,4.16,0.84
Diversified Heat Transfer Diversified Solar SC 1000,2010030A ,Glazed Flat-Plate,0,0.0505,2.48,0.688,3.7,0.06
EarthNet Energy EarthNet Energy ENE 16,2009035Ai ,Tubular,0,0.05,4.27,0.3,2,-1.8
EarthNet Energy EarthNet Energy ENE 24,2009035Bi ,Tubular,0,0.05,6.35,0.3,2,-1.8
Emmeti North America Inc. Arcobaleno STNA,2009074A ,Glazed Flat-Plate,0,0.0514,2.57,0.679,2.85,0.11
Energy Laboratories  Inc.  SE-40,2005013E ,Glazed Flat-Plate,0,0.0375,3.58,0.698,3.74,0.07
Energy Laboratories  Inc.  SE-32,2005013D ,Glazed Flat-Plate,0,0.0375,2.87,0.698,3.74,0.07
Energy Laboratories  Inc.  SE-28,2005013C ,Glazed Flat-Plate,0,0.0375,2.51,0.698,3.74,0.07
Energy Laboratories  Inc.  SE-24,2005013B ,Glazed Flat-Plate,0,0.0375,2.31,0.698,3.74,0.07
Energy Laboratories  Inc.  SE-21,2005013A ,Glazed Flat-Plate,0,0.0375,2.03,0.698,3.74,0.07
EnerWorks  Inc. Commercial Collector COL-4X8-NL-SG1-SH10US,2006006A ,Glazed Flat-Plate,1,0.053,2.87,0.762,3.28,-0.06
EnerWorks  Inc. Residential Collector COL-4x8-TL-SG1-SD10US,2005014A ,Glazed Flat-Plate,1,0.0561,2.87,0.717,4.01,0.11
EVOSOLAR Evosolar EVOP2,2007055B ,Glazed Flat-Plate,0,0.05,2.11,0.738,3.82,0.32
EVOSOLAR Evosolar EVOP,2007055A ,Glazed Flat-Plate,0,0.05,2.5,0.723,3.7,0.32
EVOSOLAR Evosolar EVOPN,2007056A ,Glazed Flat-Plate,0,0.05,2.5,0.659,5.4,0.28
Ezinc Metal Sanayi ve Ticaret A.S. EZINC Superline L USB,2008034B ,Glazed Flat-Plate,0,0.059,2.28,0.732,3.6,0.38
Ezinc Metal Sanayi ve Ticaret A.S. EZINC Superline XXL USB,2008034A ,Glazed Flat-Plate,0,0.059,2.9,0.713,3.49,0.38
Free Hot Water Free Hot Water FHW-FC7275B,2010020B ,Glazed Flat-Plate,0,0.0514,2.57,0.679,2.85,0.11
Free Hot Water Free Hot Water FHW-FC7275A,2010020A ,Glazed Flat-Plate,0,0.0514,2.57,0.679,2.85,0.11
Free Hot Water Free Hot Water FHW-FC50221,2010087A ,Glazed Flat-Plate,0,0.0414,2.07,0.679,3.26,0.11
Free Hot Water Free Hot Water FHW-FC4220,2010086A ,Glazed Flat-Plate,0,0.044,2.03,0.666,3.72,-0.03
G.S. Inc. EOS Solar EOS-S30,2007008C ,Tubular,0,0.0322,4.65,0.269,0.97,-1.9
G.S. Inc. EOS Solar EOS-S20,2007008B ,Tubular,0,0.0322,3.09,0.269,0.97,-1.9
G.S. Inc. EOS Solar EOS-S10,2007008A ,Tubular,0,0.0322,1.58,0.269,0.97,-1.9
Gear Solar GEAR Solar Solarpac TP24,2009091A ,Tubular,0,0.0714,3.57,0.371,1.49,-1.36
Gear Solar GEAR Solar Solarpac TP12,2009091B ,Tubular,0,0.0714,1.76,0.371,1.49,-1.36
General Solar Systems GmbH SK500N FK7250N,2009031A ,Glazed Flat-Plate,0,0.0514,2.57,0.679,2.85,0.11
Genersys PLC Genersys 1000-10 & 1200,2005001A ,Glazed Flat-Plate,1,0.013,2.04,0.588,3.57,0.04
Geo-Tec Solar Industries GmbH Geo-Tec GSE2000   TIN,2009111A ,Glazed Flat-Plate,1,0.0444,1.99,0.74,3.79,0.05
GLE Solar Energy - Great Lakes Electric LLC GLE SHP710-E-00,2009092Bi ,Tubular,0,0.06312,4.26,0.3,2,-1.8
GLE Solar Energy - Great Lakes Electric LLC GLE SHP310-E-00,2009092Di ,Tubular,0,0.06312,2.37,0.3,2,-1.8
GLE Solar Energy - Great Lakes Electric LLC GLE SHP410-E-00,2009092Ci ,Tubular,0,0.06312,2.73,0.3,2,-1.8
GLE Solar Energy - Great Lakes Electric LLC GLE SHP609-E-00,2009092Ai ,Tubular,0,0.06312,3.16,0.3,2,1
Grand Solar Co.  Ltd. Grand Solar GSOL-P20,2010047A ,Glazed Flat-Plate,0,0.0414,2.07,0.679,3.26,0.11
GREENoneTEC Solarindustrie GmbH SK500L FK7250L,2006030B ,Glazed Flat-Plate,0,0.0514,2.57,0.679,2.85,0.11
GREENoneTEC Solarindustrie GmbH SK500N FK7250N,2006030A ,Glazed Flat-Plate,0,0.0514,2.57,0.679,2.85,0.11
Guangdong Fivestar Solar Energy Co.  Ltd FiveStar FP3.0-A,2007031Ai ,Glazed Flat-Plate,0,0.04,2.01,0.3,2,-4
Haining Sanxi Solar Energy Industry Co.  Ltd Sunstorm SX58-1800-12,2009056B ,Tubular,0,0.031,1.94,0.339,0.84,-1.71
Haining Sanxi Solar Energy Industry Co.  Ltd Sunstorm SX58-1800-15,2009056C ,Tubular,0,0.031,2.41,0.339,0.84,-1.71
Haining Sanxi Solar Energy Industry Co.  Ltd Sunstorm SX58-1800-20,2009056D ,Tubular,0,0.031,3.12,0.339,0.84,-1.71
Haining Sanxi Solar Energy Industry Co.  Ltd Sunstorm SX58-1800-10,2009056A ,Tubular,0,0.031,1.53,0.339,0.84,-1.71
Haining Sanxi Solar Energy Industry Co.  Ltd Sunstorm SX58-1800-30,2009056E ,Tubular,0,0.031,4.69,0.339,0.84,-1.71
Heat Transfer Products Solar Spectrum FP-26SC,2009039C ,Glazed Flat-Plate,0,0.0388,2.35,0.691,3.4,0.19
Heat Transfer Products Solar Spectrum FP-32SC,2009039E ,Glazed Flat-Plate,0,0.0388,2.96,0.691,3.4,0.19
Heat Transfer Products Solar Spectrum FP-40SC,2009039F ,Glazed Flat-Plate,0,0.0388,3.7,0.691,3.4,0.19
Heat Transfer Products HTP Evacuated Tube HP-30SC,2009097A ,Tubular,0,0.083,4.16,0.456,1.35,-1.31
Heliodyne  Inc. Gobi 410 001,2007027D ,Glazed Flat-Plate,0,0.0498,3.73,0.733,3.41,-0.06
Heliodyne  Inc. Gobi 408 001,2007027C ,Glazed Flat-Plate,0,0.0498,2.99,0.73,3.41,-0.06
Heliodyne  Inc. Gobi 406 001,2007027B ,Glazed Flat-Plate,0,0.0498,2.5,0.726,3.4,-0.06
Heliodyne  Inc. Gobi 336 001,2007027A ,Glazed Flat-Plate,0,0.0498,2.49,0.725,3.24,-0.06
Heliodyne  Inc. Gobi 406 002,1981085G ,Glazed Flat-Plate,0,0.054986,2.5,0.719,5.31,0.09
Heliodyne  Inc. Gobi 410 002,1981085D ,Glazed Flat-Plate,0,0.056,3.73,0.719,5.31,0.09
Heliodyne  Inc. Gobi 408 002,1981085C ,Glazed Flat-Plate,0,0.054986,3,0.719,5.31,0.09
Heliodyne  Inc. Gobi 404 001,2007027E ,Glazed Flat-Plate,0,0.0498,1.52,0.713,3.38,-0.06
Heliodyne  Inc. Gobi 410 013,2007026D ,Glazed Flat-Plate,0,0.0498,3.73,0.711,3.93,-0.04
Heliodyne  Inc. Gobi 408 013,2007026C ,Glazed Flat-Plate,0,0.0498,2.99,0.707,3.92,-0.04
Heliodyne  Inc. Gobi 406 013,2007026B ,Glazed Flat-Plate,0,0.0498,2.5,0.704,3.75,-0.04
Heliodyne  Inc. Gobi 336 013,2007026A ,Glazed Flat-Plate,0,0.0498,2.49,0.701,3.73,-0.04
Integrated Solar LLC Architectural Series AS408C,2010025A ,Glazed Flat-Plate,0,0.0592,2.95,0.791,4.78,-0.03
Integrated Solar LLC Architectural Series AS408P,2010026A ,Glazed Flat-Plate,0,0.0592,2.96,0.788,6.35,0.45
Integrated Solar LLC  Radco 410C-HP,2006014B ,Glazed Flat-Plate,0,0.06,3.71,0.671,4.86,0.37
Integrated Solar LLC  Radco 412C-HP,2006014D ,Glazed Flat-Plate,0,0.06,4.49,0.669,4.84,0.37
Integrated Solar LLC  Radco 308C-HP,2006014C ,Glazed Flat-Plate,0,0.06,2.2,0.665,4.89,0.37
Integrated Solar LLC  Radco 408C-HP,2006014A ,Glazed Flat-Plate,0,0.06,3,0.662,4.81,0.37
Integrated Solar LLC  Radco 410P-HP,2006015B ,Glazed Flat-Plate,0,0.0617,3.71,0.661,6.48,0
Integrated Solar LLC  Radco 412P-HP,2006015D ,Glazed Flat-Plate,0,0.0617,4.49,0.658,6.45,0
Integrated Solar LLC  Radco 408P-HP,2006015A ,Glazed Flat-Plate,0,0.0617,3,0.656,6.45,0
Integrated Solar LLC  Radco 308P-HP,2006015C ,Glazed Flat-Plate,0,0.0617,2.2,0.655,6.49,0
Jiangsu Micoe Solar Energy Co.  Ltd. Micoe FPC2220,2010050A ,Glazed Flat-Plate,0,0.0372,2.14,0.662,3.82,0.32
Jiangsu Sunpower Solar Technology Co.  Ltd Sunpower SPA-58 1800-24,2009026Ci ,Tubular,0,0,3.99,0.3,2,-1.8
Jiangsu Sunpower Solar Technology Co.  Ltd Sunpower SPA-58 1800-30,2009026Di ,Tubular,0,0,4.97,0.3,2,-1.8
Jiangsu Sunpower Solar Technology Co.  Ltd Sunpower SPA-58 1800-18,2009026Bi ,Tubular,0,0,3,0.3,2,-1.8
Jiangsu Sunpower Solar Technology Co.  Ltd Sunpower SPA-58 1800-12,2009026Ai ,Tubular,0,0,2.02,0.3,2,-1.8
Jiangsu Sunrain Solar Energy Co. Ltd. Sunrain SR210,2009072A ,Glazed Flat-Plate,0,0.0428,2.14,0.662,3.82,0.32
Jiangsu Sunrain Solar Energy Co. Ltd. Sunrain TZ58 1800-10R,2009042E ,Tubular,0,0.069,1.71,0.398,0.62,-1.14
Jiangsu Sunrain Solar Energy Co. Ltd. Sunrain TZ58 1800-15R,2009042D ,Tubular,0,0.069,2.59,0.398,0.62,-1.14
Jiangsu Sunrain Solar Energy Co. Ltd. Sunrain TZ58 1800-25R,2009042C ,Tubular,0,0.069,4.36,0.398,0.62,-1.14
Jiangsu Sunrain Solar Energy Co. Ltd. Sunrain TZ58 1800-30R,2009042B ,Tubular,0,0.069,5.24,0.398,0.62,-1.14
Jiangsu Sunrain Solar Energy Co. Ltd. Sunrain TZ58 1800-20R,2009042A ,Tubular,0,0.069,3.48,0.398,0.62,-1.14
KBB Kollektorbau  K423-DH,2009121A ,Glazed Flat-Plate,1,0.0833,2.51,0.71,3.19,0.06
Kingspan Solar Inc. Thermomax DF100-20,2009049B ,Tubular,0,0.025,2.85,0.6006,1.17,0.14
Kingspan Solar Inc. Thermomax DF100-30,2009049C ,Tubular,0,0.025,4.27,0.6006,1.17,0.14
Kingspan Solar Inc. Thermomax DF100-10,2009049A ,Tubular,0,0.025,1.43,0.601,1.17,0.14
Kingspan Solar Inc. Solamax AST80,2003004E ,Tubular,0,0.0498,11.41,0.573,2.85,-0.05
Kingspan Solar Inc. Solamax AST70,2003004D ,Tubular,0,0.0498,9.98,0.573,2.85,-0.05
Kingspan Solar Inc. Solamax AST50,2003004C ,Tubular,0,0.0498,7.13,0.573,2.85,-0.05
Kingspan Solar Inc. Solamax AST20,2003004A ,Tubular,0,0.0498,2.85,0.573,2.85,-0.05
Kingspan Solar Inc. Solamax AST30,2003004B ,Tubular,0,0.0498,4.28,0.573,2.85,-0.05
Kingspan Solar Inc. Thermomax HP250-10,2009050A ,Tubular,0,0.023,1.42,0.549,1.46,0.12
Kingspan Solar Inc. Thermomax HP250-20,2009050B ,Tubular,0,0.023,2.84,0.549,1.46,0.12
Kingspan Solar Inc. Thermomax HP250-30,2009050C ,Tubular,0,0.023,4.25,0.549,1.46,0.12
Kingspan Solar Inc. Thermomax CS-40,2010058C ,Tubular,0,0.023,4.25,0.549,1.46,0.12
KIOTO Clear Energy S.A. de C.V. Kioto Clear Energy FP 7.25.0 H,2009046B ,Glazed Flat-Plate,0,0.0514,2.57,0.679,2.85,0.11
KIOTO Clear Energy S.A. de C.V. Kioto Clear Energy FP 7.25.0 V,2009046A ,Glazed Flat-Plate,0,0.0514,2.57,0.679,2.85,0.11
KIOTO Clear Energy S.A. de C.V. KIOTO Clear Energy FP 1.20.0 HE sc,2009077A ,Glazed Flat-Plate,0,0.043,2.03,0.679,3.59,0.02
KIOTO Clear Energy S.A. de C.V. KIOTO Clear Energy FP 1.20.0 LE sc,2009076A ,Glazed Flat-Plate,0,0.044,2.03,0.666,3.72,-0.03
Lochinvar Corporation Lochinvar TiSun SLV030   SLH030,2010062A ,Glazed Flat-Plate,0,0.051,2.55,0.733,3.39,0.17
Lochinvar Corporation Lochinvar TiSun SCH110,2010061C ,Glazed Flat-Plate,0,0.0161,10.1,0.732,3.36,0
Lochinvar Corporation Lochinvar TiSun SCH130,2010061D ,Glazed Flat-Plate,0,0.0161,12.1,0.731,3.35,0
Lochinvar Corporation Lochinvar TiSun SCH065,2010061B ,Glazed Flat-Plate,0,0.0161,6.1,0.726,3.34,0
Lochinvar Corporation Lochinvar TiSun SCH090,2010061A ,Glazed Flat-Plate,0,0.0161,8.08,0.708,3.25,0
Lumos Solar Lumos 30 Etube,2009043B ,Tubular,0,0,4.63,0.3,2,-1.8
Marathon International Baxi S-SPC 18,2006041A ,Glazed Flat-Plate,0,0.0382,1.92,0.693,4.04,0.18
Meibes System-Technik GmbH Meibes System-Technik GmbH MFK 001,2008044A ,Glazed Flat-Plate,0,0.047,2.52,0.741,3.5,0.05
Meibes System-Technik GmbH Meibes System-Technik GmbH MFK 002,2008043A ,Glazed Flat-Plate,0,0.048,2.34,0.699,2.33,0.03
Meibes System-Technik GmbH Meibes System-Technik GmbH MVK 001,2008042A ,Tubular,0,0.051,2.55,0.532,0.78,-0.46
MGL  LLC AQASOL AQASOL AZ 22,2010077A ,Glazed Flat-Plate,0,0.043,2.03,0.679,3.59,0.02
Mr. Sun Solar Sol-Reliant AE-40,2004008B ,Glazed Flat-Plate,0,0.0388,3.7,0.691,3.4,0.19
Mr. Sun Solar Sol-Reliant AE-56,2004008A ,Glazed Flat-Plate,0,0.0388,5.18,0.691,3.4,0.19
Mr. Sun Solar Sol-Reliant AE-50,2004008C ,Glazed Flat-Plate,0,0.0388,4.66,0.691,3.4,0.19
Newmag Solar  LLC Newmag Solar SP-S58 1800A-30,2010039Ci ,Tubular,0,0,5.12,0.3,2,-1.8
Newmag Solar  LLC Newmag Solar SP-S58 1800A-22,2010039Bi ,Tubular,0,0,3.84,0.3,2,-1.8
Newmag Solar  LLC Newmag Solar SP-S58 1800A-10,2010039Ai ,Tubular,0,0,1.61,0.3,2,-1.8
Next Generation Energy  LLC Next Generation Energy  LLC NGE-224-TU,2008040B ,Tubular,0,0.047,3.48,0.485,1.15,-1.4
Next Generation Energy  LLC Next Generation Energy  LLC NGE-216-TU,2008040A ,Tubular,0,0.047,2.33,0.485,1.15,-1.4
NTS Solar NTS PS-10DF,2010103A ,Tubular,0,0.0346,1.62,0.487,1.1,0.06
NTS Solar NTS PS-30DF,2010103C ,Tubular,0,0.0346,4.79,0.487,1.1,0.06
NTS Solar NTS PS-20DF,2010103B ,Tubular,0,0.0346,3.18,0.487,1.1,0.06
NTS Solar NTS PS-20HP,2010104B ,Tubular,0,0.1,3.25,0.429,1.37,0.12
NTS Solar NTS PS-30HP,2010104A ,Tubular,0,0.1,4.96,0.429,1.37,0.12
NTS Solar NTS PS-10HP,2010104C ,Tubular,0,0.1,1.6,0.429,1.37,0.12
Oventrop Corporation OVF-32 540-04-08,2009023B ,Glazed Flat-Plate,0,0.0388,3.03,0.691,3.4,0.19
Oventrop Corporation OVF-40 540 04 10,2009023C ,Glazed Flat-Plate,0,0.0388,3.92,0.691,3.4,0.19
Oventrop Corporation OVF-21 540 03 07,2009023A ,Glazed Flat-Plate,0,0.0388,2,0.691,3.4,0.19
Oventrop Corporation  540 00 18-LI,2010034A ,Glazed Flat-Plate,0,0.04076,2.04,0.667,4.85,0
Oventrop Corporation  540 00 18-TT,2010033A ,Glazed Flat-Plate,0,0.041,2.04,0.626,3.71,0.34
Oventrop Corporation Oventrop Solar OV 5-8 AS AB,2006027A ,Tubular,0,0.041,2.03,0.489,1.59,-0.95
Oventrop Corporation Oventrop Solar OV 5-16 AS AB,2006027B ,Tubular,0,0.041,4.1,0.489,1.59,-0.95
Oventrop Corporation Oventrop Solar OV 5-24 AS AB,2006027C ,Tubular,0,0.041,6.12,0.489,1.59,-0.95
Oventrop Corporation Oventrop Solar OV 10-10 AS AB,2006028A ,Tubular,0,0.034,1.68,0.46,1.29,-0.12
Oventrop Corporation Oventrop Solar OV 10-20 AS AB,2006028B ,Tubular,0,0.034,3.39,0.46,1.29,-0.12
Phoenix Sonnenwarme AG Phoenix Phoenix Infinity 323,2009113A ,Glazed Flat-Plate,1,0.0833,2.51,0.71,3.19,0.06
Power Partners  Inc. Skyline 20-01,2007068A ,Glazed Flat-Plate,0,0.0316,1.87,0.605,3.84,0.19
Power Partners  Inc. Skyline 1-Oct,2007068B ,Glazed Flat-Plate,0,0.0316,0.93,0.603,3.87,0.19
R&R Solar Supply Sunpro Sunpro 32,2001001C ,Glazed Flat-Plate,0,0.035,2.92,0.697,4.83,0.13
R&R Solar Supply Sunpro Sunpro 24,2001001B ,Glazed Flat-Plate,0,0.035,2.17,0.697,4.83,0.13
R&R Solar Supply Sunpro Sunpro 40,2001001D ,Glazed Flat-Plate,0,0.035,3.64,0.697,4.83,0.13
R&R Solar Supply Sunlast 21 EPI-308SS(3'x7'),1999003A ,Glazed Flat-Plate,0,0.035,1.9,0.697,4.83,0.13
R&R Solar Supply Sunpro Sunpro 21,2001001A ,Glazed Flat-Plate,0,0.035,1.9,0.697,4.83,0.13
R&R Solar Supply Sunlast 32 EPI-308SS(4'x8'),1999003C ,Glazed Flat-Plate,0,0.035,2.92,0.697,4.83,0.13
R&R Solar Supply Copper Star 21 EPI-308CU(3'x7'),1999003D ,Glazed Flat-Plate,0,0.035,1.9,0.697,4.83,0.13
R&R Solar Supply Copper Star 24 EPI-308CU(3'x8'),1999003E ,Glazed Flat-Plate,0,0.035,2.17,0.697,4.83,0.13
R&R Solar Supply Copper Star 32 EPI-308CU(4'x8'),1999003F ,Glazed Flat-Plate,0,0.035,2.92,0.697,4.83,0.13
R&R Solar Supply Sunlast 24 EPI-308SS(3'x8'),1999003B ,Glazed Flat-Plate,0,0.035,2.17,0.697,4.83,0.13
Rheem Water Heaters Rheem RS21-SC,2005023A ,Glazed Flat-Plate,0,0.0372,1.98,0.753,5.29,-0.14
Rheem Water Heaters Rheem RS40-BC,2009094C ,Glazed Flat-Plate,0,0.0461,3.8,0.75,3.04,0.3
Rheem Water Heaters Rheem RS32-BC,2009094B ,Glazed Flat-Plate,0,0.0461,3.05,0.745,3.03,0.3
Rheem Water Heaters Rheem RS21-BP,2005021A ,Glazed Flat-Plate,0,0.037,1.98,0.737,4.42,0.14
Rheem Water Heaters Rheem RS21-BC,2005022A ,Glazed Flat-Plate,0,0.037,1.98,0.731,3.04,0.18
Rheem Water Heaters Rheem RS24-BC,2009094A ,Glazed Flat-Plate,0,0.0461,2.3,0.728,2.99,0.3
Rheem Water Heaters Rheem RS40-BP,2009057C ,Glazed Flat-Plate,0,0.076,3.8,0.718,2.29,0.32
Rheem Water Heaters Rheem RS32-BP,2009057B ,Glazed Flat-Plate,0,0.076,3.05,0.718,2.3,0.32
Rheem Water Heaters Rheem RS24-BP,2009057A ,Glazed Flat-Plate,0,0.076,2.29,0.702,2.28,0.32
Ritter Energie - und Umwelttechnik GmbH & Co. KG Ritter Solar CPC 45 Star Azzurro,2008010B ,Tubular,0,0.066,4.94,0.578,0.83,0.08
Ritter Energie - und Umwelttechnik GmbH & Co. KG Ritter Solar CPC 6 XL INOX,2008010C ,Tubular,0,0.066,1.34,0.578,0.83,0.08
Ritter Energie - und Umwelttechnik GmbH & Co. KG Ritter Solar CPC 12 XL INOX,2008010D ,Tubular,0,0.066,2.85,0.578,0.83,0.08
Ritter Energie - und Umwelttechnik GmbH & Co. KG Ritter Solar CPC 30 Star Azzurro,2008010A ,Tubular,0,0.066,3.3,0.578,0.83,0.08
Ritter Energie - und Umwelttechnik GmbH & Co. KG Ritter Solar CPC 16 w INOX,2008009A ,Tubular,0,0.07,3.52,0.559,0.86,0.05
Ritter Energie - und Umwelttechnik GmbH & Co. KG Ritter Solar CPC 32 Allstar,2008009C ,Tubular,0,0.07,3.52,0.559,0.86,0.05
Ritter Energie - und Umwelttechnik GmbH & Co. KG Ritter Solar CPC 40 Allstar,2008009D ,Tubular,0,0.07,4.39,0.559,0.86,0.05
Ritter Energie - und Umwelttechnik GmbH & Co. KG Ritter Solar CPC 20 w INOX,2008009B ,Tubular,0,0.07,4.39,0.559,0.86,0.05
Ritter Energie - und Umwelttechnik GmbH & Co. KG Ritter Solar CPC 18 OEM,2008008F ,Tubular,0,0.046,3.41,0.554,0.81,0.03
Ritter Energie - und Umwelttechnik GmbH & Co. KG Ritter Solar CPC 6 INOX,2008008B ,Tubular,0,0.046,1.15,0.554,0.81,0.03
Ritter Energie - und Umwelttechnik GmbH & Co. KG Ritter Solar CPC 18 INOX,2008008C ,Tubular,0,0.046,3.41,0.554,0.81,0.03
Ritter Energie - und Umwelttechnik GmbH & Co. KG Ritter Solar CPC 12 INOX,2008008A ,Tubular,0,0.046,2.28,0.554,0.81,0.03
Ritter Energie - und Umwelttechnik GmbH & Co. KG Ritter Solar CPC 12 OEM,2008008D ,Tubular,0,0.046,2.28,0.554,0.81,0.03
Ritter Energie - und Umwelttechnik GmbH & Co. KG Ritter Solar CPC 6 OEM,2008008E ,Tubular,0,0.046,1.15,0.554,0.81,0.03
Ritter Energie - und Umwelttechnik GmbH & Co. KG Ritter Solar CPC 14 Star Azzurro,2008008G ,Tubular,0,0.046,2.63,0.554,0.81,0.03
Ritter Energie - und Umwelttechnik GmbH & Co. KG Ritter Solar CPC 21 Star Azzurro,2008008H ,Tubular,0,0.046,4.01,0.554,0.81,0.03
Ritter Energie - und Umwelttechnik GmbH & Co. KG Ritter Solar OEM 21,2008011A ,Tubular,0,0.0473,2.36,0.424,1.14,-1.78
Roth Industries  Inc. Roth Heliostar 252,2008003A ,Glazed Flat-Plate,0,0.05,2.53,0.731,3.13,0.13
Roth Industries  Inc. ROTH R1 ROTH R1,2008035A ,Tubular,0,0.026,1.3,0.541,0.98,-0.13
Schuco USA L.P. Premium V  H  LA,2005008A ,Glazed Flat-Plate,0,0.05,2.7,0.708,3.11,0.02
Schuco USA L.P. Slimline V  LA  Plus,2005009A ,Glazed Flat-Plate,0,0.043,2.31,0.706,2.92,0.06
Schuco USA L.P. Compact Compact S,2005009B ,Glazed Flat-Plate,0,0.043,2.31,0.706,2.92,0.06
SEA Group Ltd. SEA SEA-FZ58-18,2009095Ai ,Tubular,0,0.0592,2.96,0.3,2,-1.8
Sealed Air Corporation  FW-48,1997010C ,Glazed Flat-Plate,0,0.284021,4.4,0.736,9.32,0.05
Shandong Linuo New Material Co. Ltd.  LN-RG-WF-1.6 16-47-1500-A,2007017A ,Tubular,0,0.036,1.78,0.402,1.45,-1.55
Solahart Industries Solahart Bt,2004007A ,Glazed Flat-Plate,0,0.0372,1.98,0.753,5.29,-0.14
Solahart Industries Solahart J,2000002A ,Glazed Flat-Plate,0,0.037,1.98,0.737,4.42,0.14
Solahart Industries Solahart Kf,2004002A ,Glazed Flat-Plate,0,0.037,1.98,0.731,3.04,0.18
Solahart Industries Solahart M,2000005A ,Glazed Flat-Plate,0,0.037,1.98,0.621,4.1,0.12
Solahart Industries Solahart L,2000004A ,Glazed Flat-Plate,0,0.037,1.98,0.608,5.47,0.17
Solaqua Power & Art Solaqua - Gormon GM-20,2006012B ,Tubular,0,0.042,4.22,0.348,1.44,-0.97
Solaqua Power & Art Solaqua - Gomon GM-10,2006012A ,Tubular,0,0.042,2.09,0.348,1.44,-0.97
Solar Coil  LLC Solar Coil (ICS) SC092809BK,2010036Ai ,Glazed Flat-Plate,0,0,0.89,0.6,15,0.2
Solar Development  Inc. Sunstar Plus SD9-28,2010060A ,Glazed Flat-Plate,0,0.03333,2.61,0.741,3.02,0.11
Solar Development  Inc. Solar Development SD8-21,2006042A ,Glazed Flat-Plate,0,0.0388,1.93,0.691,3.4,0.19
Solar Development  Inc. Solar Development SD8-26,2006042C ,Glazed Flat-Plate,0,0.0388,2.35,0.691,3.4,0.19
Solar Development  Inc. Solar Development SD8-28,2006042D ,Glazed Flat-Plate,0,0.0388,2.6,0.691,3.4,0.19
Solar Development  Inc. Solar Development SD8-32,2006042E ,Glazed Flat-Plate,0,0.0388,2.96,0.691,3.4,0.19
Solar Development  Inc. Solar Development SD8-40,2006042F ,Glazed Flat-Plate,0,0.0388,3.7,0.691,3.4,0.19
Solar Panels Plus Solar Panels Plus SPP-30,2008050B ,Tubular,0,0.071,4.81,0.477,0.94,-0.96
Solar Panels Plus Solar Panels Plus SPP-25,2008050C ,Tubular,0,0.071,4,0.477,0.94,-0.96
Solar Panels Plus Solar Panels Plus SPP-30A,2008050D ,Tubular,0,0.071,4.81,0.477,0.94,-0.96
Solar Panels Plus Solar Panels Plus SPP-22,2008050A ,Tubular,0,0.071,3.52,0.477,0.94,-0.96
Solar Skies Mfg  LLC Solar Skies SS-26,2007039C ,Glazed Flat-Plate,0,0.0388,2.35,0.691,3.4,0.19
Solar Skies Mfg  LLC Solar Skies SS-21,2007039A ,Glazed Flat-Plate,0,0.0388,1.93,0.691,3.4,0.19
Solar Skies Mfg  LLC Solar Skies SS-24,2007039B ,Glazed Flat-Plate,0,0.0388,2.21,0.691,3.4,0.19
Solar Skies Mfg  LLC Solar Skies SS-28,2007039D ,Glazed Flat-Plate,0,0.0388,2.6,0.691,3.4,0.19
Solar Skies Mfg  LLC Solar Skies SS-32,2007039E ,Glazed Flat-Plate,0,0.0388,2.96,0.691,3.4,0.19
Solar Skies Mfg  LLC Solar Skies SS-40,2007039F ,Glazed Flat-Plate,0,0.0388,3.7,0.691,3.4,0.19
Solar Skies Mfg  LLC Solar Skies SS-50,2007039G ,Glazed Flat-Plate,0,0.0388,4.66,0.691,3.4,0.19
Solar Skies Mfg  LLC North Star NSC-21,2007040A ,Glazed Flat-Plate,0,0.0388,2,0.691,3.4,0.19
Solar Skies Mfg  LLC North Star NSC-24,2007040B ,Glazed Flat-Plate,0,0.0388,2.28,0.691,3.4,0.19
Solar Skies Mfg  LLC North Star NSC-40,2007040F ,Glazed Flat-Plate,0,0.0388,3.92,0.691,3.4,0.19
Solar Skies Mfg  LLC North Star NSC-32,2007040E ,Glazed Flat-Plate,0,0.0388,3.03,0.691,3.4,0.19
Solar Skies Mfg  LLC North Star NSC-28,2007040D ,Glazed Flat-Plate,0,0.0388,2.66,0.691,3.4,0.19
Solar Skies Mfg  LLC North Star NSC-26,2007040C ,Glazed Flat-Plate,0,0.0388,2.42,0.691,3.4,0.19
Solar Source SunSmart SunSmart-40,2009093B ,Glazed Flat-Plate,0,0.0447,3.61,0.784,4.28,0.29
Solar Source Sunsmart Sunsmart-32,2009093A ,Glazed Flat-Plate,0,0.0447,2.95,0.782,4.28,0.29
Solar Systems  LLC Solar Systems SSA-40,2009086F ,Glazed Flat-Plate,0,0.0388,3.92,0.691,3.4,0.19
Solar Systems  LLC Solar Systems SSA-26,2009086C ,Glazed Flat-Plate,0,0.0388,2.42,0.691,3.4,0.19
Solar Systems  LLC Solar Systems SSA-28,2009086D ,Glazed Flat-Plate,0,0.0388,2.66,0.691,3.4,0.19
Solar Systems  LLC Solar Systems SSA-21,2009086A ,Glazed Flat-Plate,0,0.0388,2,0.691,3.4,0.19
Solar Systems  LLC Solar Systems SSA-32,2009086E ,Glazed Flat-Plate,0,0.0388,3.03,0.691,3.4,0.19
Solarhot Solarhot S-SC-126P40,2007007C ,Glazed Flat-Plate,0,0.049,3.66,0.684,3.33,0.2
Solarhot Solarhot S-SC-126P32,2007007B ,Glazed Flat-Plate,0,0.049,2.97,0.68,3.32,0.2
Solarhot Solarhot S-SC-126P26,2007007A ,Glazed Flat-Plate,0,0.049,2.45,0.68,3.32,0.2
Solarhot Solarhot S-SC-126S40,2007010C ,Glazed Flat-Plate,0,0.049,3.66,0.657,5.27,0.15
Solarhot Solarhot S-SC-126S32,2007010B ,Glazed Flat-Plate,0,0.049,2.97,0.654,5.25,0.15
Solarhot Solarhot S-SC-126S26,2007010A ,Glazed Flat-Plate,0,0.049,2.45,0.653,5.25,0.15
Solar's Smart  Smart 20,2009087C ,Tubular,0,0.023,2.28,0.267,0.96,-0.22
Solar's Smart  Smart 10,2009087A ,Tubular,0,0.023,1.18,0.267,0.96,-0.22
Solar's Smart  Smart 15,2009087B ,Tubular,0,0.023,1.76,0.267,0.96,-0.22
SolarTec USA Tubular SP-S58 1800A-30,2010011Ci ,Tubular,0,0,5.12,0.3,2,-1.8
SolarTec USA Tubular SP-S58 1800A-10,2010011Ai ,Tubular,0,0,1.61,0.3,2,-1.8
SolarTec USA Tubular SP-S58 1800A-22,2010011Bi ,Tubular,0,0,3.84,0.3,2,-1.8
SolarTEK SolarTEK ST40,2010018C ,Glazed Flat-Plate,0,0.0447,3.61,0.784,4.28,0.29
SolarTEK SolarTEK ST32,2010018B ,Glazed Flat-Plate,0,0.0447,2.95,0.782,4.28,0.29
Sole S.A. Climasol Climasol 2.70,2009075D ,Glazed Flat-Plate,0,0.0461,2.68,0.636,3.3,0.44
Sole S.A. Climasol Climasol 2.50,2009075C ,Glazed Flat-Plate,0,0.0461,2.32,0.632,3.3,0.44
Sole S.A. Climasol Climasol 2.00,2009075A ,Glazed Flat-Plate,0,0.0461,1.92,0.624,3.3,0.44
Sole S.A. Climasol Climasol 1.75,2009075B ,Glazed Flat-Plate,0,0.0461,1.76,0.623,3.31,0.44
Solene Solene-Corona SLCO-40,2006045C ,Glazed Flat-Plate,0,0.0447,3.61,0.784,4.28,0.29
Solene Aurora SLAR-40,2009058C ,Glazed Flat-Plate,0,0.0447,3.61,0.784,4.28,0.29
Solene Aurora SLAR-32,2009058B ,Glazed Flat-Plate,0,0.0447,2.95,0.782,4.28,0.29
Solene Solene-Corona SLCO-32,2006045B ,Glazed Flat-Plate,0,0.0447,2.95,0.782,4.28,0.29
Solene Aurora SLAR-30,2009058A ,Glazed Flat-Plate,0,0.0447,2.28,0.779,4.28,0.29
Solene Solene-Corona SLCO-30,2006045A ,Glazed Flat-Plate,0,0.0447,2.28,0.779,4.28,0.29
Solene Solene Chromagen SLCR-32,2004014B ,Glazed Flat-Plate,0,0.052,2.97,0.704,1.8,0.2
Solene Solene Chromagen SLCR-30,2004014A ,Glazed Flat-Plate,0,0.052,2.81,0.704,1.8,0.2
Solene Solene Chromagen SLCR-40,2004014C ,Glazed Flat-Plate,0,0.052,3.72,0.704,1.8,0.2
Solene Aurora SLAR-32P,2007045C ,Glazed Flat-Plate,0,0.059,2.95,0.674,5.52,0.26
Solene Solene-Corona SLCO-32P,2007045A ,Glazed Flat-Plate,0,0.059,2.95,0.674,5.52,0.26
Solene Aurora SLAR-40P,2007045D ,Glazed Flat-Plate,0,0.059,3.63,0.667,5.45,0.26
Solene Solene-Corona SLCO-40P,2007045B ,Glazed Flat-Plate,0,0.059,3.63,0.667,5.45,0.26
Solimpeks Solar Energy Corp Marvel CLS 2510,2010008A ,Glazed Flat-Plate,0,0.0505,2.48,0.688,3.7,0.06
Solimpeks Solar Energy Corp Marvel CLS 1808,2010008B ,Glazed Flat-Plate,0,0.0505,1.84,0.677,3.73,0.06
S-Power Entwicklungs und Vertriebs GmbH S-Power S-Power 30 3000 TPS Inside,2009062C ,Tubular,0,0.0346,4.79,0.487,1.1,0.06
S-Power Entwicklungs und Vertriebs GmbH S-Power S-Power 10 1000 TPS Inside,2009062A ,Tubular,0,0.0346,1.62,0.487,1.1,0.06
S-Power Entwicklungs und Vertriebs GmbH S-Power S-Power 20 2000 TPS Inside,2009062B ,Tubular,0,0.0346,3.18,0.487,1.1,0.06
S-Power Entwicklungs und Vertriebs GmbH S-Power HP 10 1000 TPS Inside,2009120C ,Tubular,0,0.1,1.6,0.429,1.37,0.12
S-Power Entwicklungs und Vertriebs GmbH S-Power HP 20 2000 TPS Inside,2009120B ,Tubular,0,0.1,3.25,0.429,1.37,0.12
S-Power Entwicklungs und Vertriebs GmbH S-Power HP 30 3000 TPS Inside,2009120A ,Tubular,0,0.1,4.96,0.429,1.37,0.12
Stiebel Eltron Stiebel Eltron SOL 27 Plus,2009002A ,Glazed Flat-Plate,0,0.053,2.64,0.754,2.99,0.1
Stiebel Eltron Stiebel Eltron Sol 25 Plus,2005016A ,Glazed Flat-Plate,0,0.0549,2.73,0.649,3.14,0.28
Sunday Solar LLC Sunday Solar SP-S58 1800A-10,2010017Ai ,Tubular,0,0,1.61,0.3,2,-1.8
Sunday Solar LLC Sunday Solar SP-S58 1800A-30,2010017Ci ,Tubular,0,0,5.12,0.3,2,-1.8
Sunday Solar LLC Sunday Solar SP-S58 1800A-22,2010017Bi ,Tubular,0,0,3.84,0.3,2,-1.8
SunEarth  Inc. Sunwise SC-40,2008012C ,Glazed Flat-Plate,0,0.0461,3.8,0.75,3.04,0.3
SunEarth  Inc. Imperial IC-40,2008014C ,Glazed Flat-Plate,0,0.0461,3.8,0.75,3.04,0.3
SunEarth  Inc. Empire EC-40,2006024E ,Glazed Flat-Plate,0,0.0461,3.8,0.75,3.04,0.3
SunEarth  Inc. Empire EC-40-1.5,2006024F ,Glazed Flat-Plate,0,0.0461,3.8,0.75,3.04,0.3
SunEarth  Inc. Imperial IC-32,2008014B ,Glazed Flat-Plate,0,0.0461,3.05,0.745,3.03,0.3
SunEarth  Inc. Empire EC-32,2006024C ,Glazed Flat-Plate,0,0.0461,3.05,0.745,3.03,0.3
SunEarth  Inc. Empire EC-32-1.5,2006024D ,Glazed Flat-Plate,0,0.0461,3.05,0.745,3.03,0.3
SunEarth  Inc. Sunwise SC-32,2008012B ,Glazed Flat-Plate,0,0.0461,3.05,0.745,3.03,0.3
SunEarth  Inc. Imperial IC-24,2008014A ,Glazed Flat-Plate,0,0.0461,2.3,0.728,2.99,0.3
SunEarth  Inc. Empire EC-24,2006024A ,Glazed Flat-Plate,0,0.0461,2.3,0.728,2.99,0.3
SunEarth  Inc. Sunwise SC-24,2008012A ,Glazed Flat-Plate,0,0.0461,2.3,0.728,2.99,0.3
SunEarth  Inc. Empire EC-21,2006024B ,Glazed Flat-Plate,0,0.0461,1.97,0.727,2.99,0.3
SunEarth  Inc. Sunwise SP-32,2009045B ,Glazed Flat-Plate,0,0.076,3.05,0.718,2.3,0.32
SunEarth  Inc. Sunwise SP-40,2009045C ,Glazed Flat-Plate,0,0.076,3.8,0.718,2.29,0.32
SunEarth  Inc. Empire EP-40,2007032A ,Glazed Flat-Plate,0,0.076,3.8,0.718,2.29,0.32
SunEarth  Inc. Empire EP-32,2007032D ,Glazed Flat-Plate,0,0.076,3.05,0.718,2.3,0.32
SunEarth  Inc. Empire EP-32-1.5,2007032E ,Glazed Flat-Plate,0,0.076,3.05,0.718,2.3,0.32
SunEarth  Inc. Empire EP-40-1.5,2007032F ,Glazed Flat-Plate,0,0.076,3.8,0.718,2.29,0.32
SunEarth  Inc. Imperial IP-40,2009040C ,Glazed Flat-Plate,0,0.076,3.81,0.715,2.28,0.32
SunEarth  Inc. Imperial IP-32,2009040B ,Glazed Flat-Plate,0,0.076,3.06,0.71,2.27,0.32
SunEarth  Inc. Sunwise SP-24,2009045A ,Glazed Flat-Plate,0,0.076,2.29,0.702,2.28,0.32
SunEarth  Inc. Empire EP-24,2007032C ,Glazed Flat-Plate,0,0.076,2.29,0.702,2.28,0.32
SunEarth  Inc. Empire EP-21,2007032B ,Glazed Flat-Plate,0,0.076,1.96,0.701,2.28,0.32
SunEarth  Inc. Imperial IP-24,2009040A ,Glazed Flat-Plate,0,0.076,2.3,0.693,2.25,0.32
SunEarth  Inc. SunBelt SB-40-0.75,2006025C ,Glazed Flat-Plate,0,0.06098,3.8,0.673,5.66,0.05
SunEarth  Inc. SunBelt SB-32-0.75,2006025A ,Glazed Flat-Plate,0,0.06098,3.06,0.665,5.6,0.05
SunEarth  Inc. SunBelt SB-24-0.75,2006025B ,Glazed Flat-Plate,0,0.06098,2.29,0.653,5.52,0.05
Sunfire Solar Energy LLC SUNFIRE SF JRQ,2009079Ai ,Tubular,0,0.05,2.43,0.3,2,-1.8
SunMaxx Solar SunMaxx TitanPowerPlus-SU2,2010046A ,Glazed Flat-Plate,1,0.0444,1.99,0.74,3.79,0.05
SunMaxx Solar SunMaxx TitanPower-AL2,2008029A ,Glazed Flat-Plate,0,0.044,2.18,0.702,3.64,0.17
SunMaxx Solar SunMaxx TitanPower-AL2DH,2008029B ,Glazed Flat-Plate,0,0.044,2.18,0.702,3.64,0.17
SunMaxx Solar SunMaxx ThermoPower-VHP25,2006011C ,Tubular,0,0.0698,4.32,0.371,0.83,-1.22
SunMaxx Solar SunMaxx ThermoPower-VHP10,2006011B ,Tubular,0,0.0698,1.69,0.371,0.83,-1.22
SunMaxx Solar SunMaxx ThermoPower-VHP20,2006011A ,Tubular,0,0.0698,3.44,0.371,0.83,-1.22
SunMaxx Solar SunMaxx ThermoPower-VHP30,2006011D ,Tubular,0,0.0698,5.19,0.371,0.83,-1.22
Sunpeak USA  Inc. SUNPEAK Sunpeak-58-COP-24,2008026B ,Tubular,0,0.061,3.67,0.299,1.32,-1.38
Sunpeak USA  Inc. SUNPEAK Sunpeak-58-COP-20,2008026A ,Tubular,0,0.061,3.05,0.299,1.32,-1.38
Sunpeak USA  Inc. SUNPEAK Sunpeak-58-COP-30,2008026C ,Tubular,0,0.061,4.59,0.299,1.32,-1.38
Sunward LLC Micro-Flo S32A,2009044A ,Glazed Flat-Plate,0,0.02024,2.98,0.685,3.76,0.34
Synergy Solar Synergy TC-26.52,2005007A ,Glazed Flat-Plate,0,0.0505,2.48,0.688,3.7,0.06
Synergy Solar Synergy TC-19.78,2005007B ,Glazed Flat-Plate,0,0.0505,1.84,0.677,3.73,0.06
Synergy Solar Synergy T19.78,2004006A ,Glazed Flat-Plate,0,0.0327,1.85,0.633,3.24,0.03
Synergy Solar Synergy T26.68,2004006B ,Glazed Flat-Plate,0,0.0327,2.48,0.633,3.24,0.03
Synergy Solar Synergy S19.78,2004005A ,Glazed Flat-Plate,0,0.0327,1.85,0.612,4.33,0.05
Synergy Solar Synergy S26.68,2004005B ,Glazed Flat-Plate,0,0.0327,2.48,0.612,4.33,0.05
Thermal Conversion Technology  Inc. (TCT Solar) ProPlate FF 40,2009041C ,Glazed Flat-Plate,0,0.076,3.81,0.715,2.28,0.32
Thermal Conversion Technology  Inc. (TCT Solar) ProPlate FF 32,2009041B ,Glazed Flat-Plate,0,0.076,3.06,0.71,2.27,0.32
Thermal Conversion Technology  Inc. (TCT Solar) ProPlate FF 24,2009041A ,Glazed Flat-Plate,0,0.076,2.3,0.693,2.25,0.32
Thermo Dynamics  Ltd. Thermo Dynamics G Series G32-P,2006005A ,Glazed Flat-Plate,0,0.0596,2.98,0.689,3.85,0.49
Thermo Dynamics  Ltd. Micro-Flo S32-P,2009007A ,Glazed Flat-Plate,0,0.02024,2.98,0.685,3.76,0.34
TiSUN LLC TiSUN FM-W S 4,2007054A ,Glazed Flat-Plate,0,0.051,2.55,0.733,3.39,0.17
TiSUN LLC TiSUN FA 2 5,2007052C ,Glazed Flat-Plate,0,0.0161,10.1,0.732,3.36,0
TiSUN LLC TiSUN FA 2 6,2007052D ,Glazed Flat-Plate,0,0.0161,12.1,0.731,3.35,0
TiSUN LLC TiSUN FA 2 3,2007052B ,Glazed Flat-Plate,0,0.0161,6.1,0.726,3.34,0
TiSUN LLC TiSUN FA 2 4,2007052A ,Glazed Flat-Plate,0,0.0161,8.08,0.708,3.25,0
TrendSetter Solar Products  Inc. Trendsetter TS-22-S,2007029B ,Tubular,0,0.0838,3.16,0.355,1.11,-0.09
TrendSetter Solar Products  Inc. Trendsetter TS-30-S,2007029A ,Tubular,0,0.0838,4.02,0.355,1.11,-1.29
Tsinghua Solar Systems  Ltd. Tsinghua Solar SLU-1500 12,2007034Ai ,Tubular,0,0,1.28,0.3,2,-1.8
Tsinghua Solar Systems  Ltd. Tsinghua Solar SLU-1800 24,2007034Bi ,Tubular,0,0,3.02,0.3,2,-1.8
UMA Solar Heliolite HL20,2009100Ai ,Glazed Flat-Plate,0,0,1.83,0.6,15,0.2
Vaillant Solar Systems Inc. Vaillant Solar Systems VFK 150 H,2009117A ,Glazed Flat-Plate,0,0.053,2.51,0.775,2.43,0.09
Vaillant Solar Systems Inc. Vaillant Solar Systems VFK 150 V,2010027A ,Glazed Flat-Plate,0,0.052,2.51,0.758,4.68,0.14
Vaillant Solar Systems Inc. Vaillant Solar Systems VFK 140 D,2009116A ,Glazed Flat-Plate,0,0.035,2.51,0.737,3.15,-0.01
Vaillant Solar Systems Inc. AuroTHERM Classic VFK 990 1,2007060A ,Glazed Flat-Plate,0,0.056,2.22,0.71,3.59,0.18
Vaillant Solar Systems Inc. Vaillant Solar Systems VFK 125,2009115A ,Glazed Flat-Plate,0,0.052,2.51,0.684,4.52,0.13
Vaillant Solar Systems Inc. auroTHERM 570 2 VTK 570 2,2010009B ,Tubular,0,0.046,1.15,0.554,0.81,0.03
Vaillant Solar Systems Inc. auroTHERM 1140 2 VTK 1140 2,2010009A ,Tubular,0,0.046,2.28,0.554,0.81,0.03
VELUX America Inc. VELUX CLI U12 4000,2007018A ,Glazed Flat-Plate,0,0.0495,2.51,0.686,2.69,0.02
VELUX America Inc. VELUX CLI S06 4000,2007018B ,Glazed Flat-Plate,0,0.0495,1.42,0.651,2.65,0.02
VELUX America Inc. VELUX CLI M08 4000,2007018C ,Glazed Flat-Plate,0,0.0495,1.16,0.63,2.61,0.02
Viessmann Manufacturing Company (US) Inc. Vitosol 100-F  SV1 SH1,2007042A ,Glazed Flat-Plate,0,0.05,2.49,0.769,3.61,0.1
Viessmann Manufacturing Company (US) Inc. Vitosol 200-F  SV2 SH2,2005019A ,Glazed Flat-Plate,1,0.0498,2.52,0.716,3.06,0.07
Viessmann Manufacturing Company (US) Inc. Vitosol 200-T SD2A -3m2,2008025B ,Tubular,0,0.04,4.34,0.547,1.15,-0.09
Viessmann Manufacturing Company (US) Inc. Vitosol 200-T  SD2A -2m2,2008025A ,Tubular,0,0.04,2.9,0.547,1.15,-0.09
Viessmann Manufacturing Company (US) Inc. Vitosol 300-T  SP3 -3m2,2005020B ,Tubular,1,0,4.29,0.508,0.92,-0.52
Viessmann Manufacturing Company (US) Inc. Vitosol 300-T  SP3 -2m2,2005020A ,Tubular,1,0.059,2.88,0.508,0.92,-0.52
Wagner Solar Inc. Wagner EURO C20 AR-M,2010035A ,Glazed Flat-Plate,0,0.03333,2.61,0.741,3.02,0.11
WePOWER  LLC Swan WE-40BP,2010016A ,Glazed Flat-Plate,0,0.076,3.8,0.718,2.29,0.32
Westech Components Wuxi Co.  Ltd. WesTech SP-S58 1800A-10,2007046Ai ,Tubular,0,0,1.61,0.3,2,-1.8
Westech Components Wuxi Co.  Ltd. WesTech SP-S58 1800A-30,2007046Ci ,Tubular,0,0,5.12,0.3,2,-1.8
Westech Components Wuxi Co.  Ltd. WesTech SP-S58 1800A-22,2007046Bi ,Tubular,0,0,3.84,0.3,2,-1.8
Zhejiang Hurras Solar Energy Technology Co.  Ltd. HES HCM20-58 1800,2009020D ,Tubular,0,0.0314,3.26,0.371,1.33,-1.62
Zhejiang Hurras Solar Energy Technology Co.  Ltd. HES HCM30-58 1800,2009020E ,Tubular,0,0.0314,4.1,0.371,1.33,-1.62
Zhejiang Hurras Solar Energy Technology Co.  Ltd. HES HCM15-58 1800,2009020C ,Tubular,0,0.0314,2.44,0.371,1.33,-1.62
Zhejiang Hurras Solar Energy Technology Co.  Ltd. HES HCM10-58 1800,2009020A ,Tubular,0,0.0314,1.57,0.371,1.33,-1.62
Zhejiang Hurras Solar Energy Technology Co.  Ltd. HES HCM12-58 1800,2009020B ,Tubular,0,0.0314,1.95,0.371,1.33,-1.62
Zhejiang Shentai Solar Energy Co.  Ltd. Suntask SR20,2009004B ,Tubular,0,0.032,3.07,0.419,1.5,-1.38
Zhejiang Shentai Solar Energy Co.  Ltd. Suntask SR30,2009004C ,Tubular,0,0.032,4.67,0.419,1.5,-1.38
Zhejiang Shentai Solar Energy Co.  Ltd. Suntask SR15,2009004D ,Tubular,0,0.032,2.32,0.419,1.5,-1.38
Zhejiang Shentai Solar Energy Co.  Ltd. Suntask SR10,2009004A ,Tubular,0,0.032,1.59,0.419,1.5,-1.38
